-- phpMyAdmin SQL Dump
-- version 5.2.1
-- https://www.phpmyadmin.net/
--
-- Servidor: 127.0.0.1:3306
-- Tiempo de generación: 30-10-2024 a las 19:30:29
-- Versión del servidor: 8.3.0
-- Versión de PHP: 8.2.18

SET SQL_MODE = "NO_AUTO_VALUE_ON_ZERO";
START TRANSACTION;
SET time_zone = "+00:00";


/*!40101 SET @OLD_CHARACTER_SET_CLIENT=@@CHARACTER_SET_CLIENT */;
/*!40101 SET @OLD_CHARACTER_SET_RESULTS=@@CHARACTER_SET_RESULTS */;
/*!40101 SET @OLD_COLLATION_CONNECTION=@@COLLATION_CONNECTION */;
/*!40101 SET NAMES utf8mb4 */;

--
-- Base de datos: `bdrestaurante`
--

DELIMITER $$
--
-- Procedimientos
--
DROP PROCEDURE IF EXISTS `SP_AGREG_DET_VENTA`$$
CREATE DEFINER=`root`@`localhost` PROCEDURE `SP_AGREG_DET_VENTA` (`_IdVenta` INT, `_IdProd` INT, `_Cantidad` INT, `_Precio` DECIMAL(8,2))   BEGIN

   DECLARE EXIT HANDLER FOR SQLEXCEPTION, SQLWARNING
    BEGIN
      ROLLBACK;
    END;
   
   START TRANSACTION;
   
   insert into Detalle_venta(nro_Venta,id_prod,cantidad,precio) values(_IdVenta,_IdProd,_Cantidad,_Precio);

   update Producto set stock = stock - _Cantidad
   where id_prod = _IdProd;
   COMMIT;
END$$

DROP PROCEDURE IF EXISTS `SP_MANT_Cliente`$$
CREATE DEFINER=`root`@`localhost` PROCEDURE `SP_MANT_Cliente` (`_id_cliente` INT, `_correo` VARCHAR(100), `_contrasennia` VARCHAR(100), `_estado` INT, `_nombres` VARCHAR(100), `_apellidos` VARCHAR(100), `_tipo_doc` VARCHAR(50), `_nro_doc` VARCHAR(20), `_telefono` VARCHAR(15), `_accion` INT)   BEGIN
   DECLARE _idUsuario INT;   
   DECLARE _idPerfil INT;
   DECLARE EXIT HANDLER FOR SQLEXCEPTION, SQLWARNING
    BEGIN
      ROLLBACK;
      SELECT 0;
    END;
   
   SET _idPerfil = 2;
   
   START TRANSACTION;
   IF _accion = 1 THEN 
		INSERT INTO usuario(correo,password,id_perfil,estado) VALUES(_correo , _contrasennia , _idPerfil , _estado);
		SET _idUsuario = LAST_INSERT_ID(); 
		INSERT INTO Cliente(id_usuario,nombres,apellidos,tipo_doc,nro_doc,telefono) 
		VALUES(_idUsuario,_nombres,_apellidos,_tipo_doc,_nro_doc,_telefono);
   END IF;
   
   IF _accion = 2 THEN
		 SELECT id_usuario into _idUsuario
		 FROM Cliente 
		 WHERE id_cliente = _id_cliente;
		 
		 UPDATE Usuario SET correo = _correo , estado = _estado
		 WHERE id_usuario = _idUsuario;
		 
		 UPDATE Cliente SET nombres = _nombres,apellidos = _apellidos,tipo_doc = _tipo_doc,
		 nro_doc = _nro_doc , telefono = _telefono
		 WHERE id_cliente = _id_cliente;

   END IF;
   
   IF _accion = 3 THEN
		 SELECT id_usuario into _idUsuario
		 FROM Cliente 
		 WHERE id_cliente = _id_cliente;
        
		 DELETE FROM Cliente  WHERE id_cliente = _id_cliente;
         DELETE FROM Usuario  WHERE id_usuario = _idUsuario;
   END IF;
   
   SELECT ROW_COUNT();
   COMMIT;
    
END$$

DROP PROCEDURE IF EXISTS `SP_Validar_CodigoRec`$$
CREATE DEFINER=`root`@`localhost` PROCEDURE `SP_Validar_CodigoRec` (`_idUsuario` INT, `_codigo` INT)   BEGIN
   DECLARE _codigo_recuperacion INT;   
   DECLARE _fecha_recuperacion DATETIME;  
   DECLARE _msg TEXT;

   SELECT fecha_recuperacion , codigo_recuperacion INTO _fecha_recuperacion , _codigo_recuperacion
   FROM Usuario
   WHERE id_usuario = _idUsuario;
   
   IF _fecha_recuperacion IS NULL AND _codigo_recuperacion IS NULL THEN
		SET _msg = 'No hay registro encontrado.';
   ELSE 
      IF _fecha_recuperacion >= NOW() THEN
		   IF _codigo_recuperacion = _codigo THEN
			   SET _msg = 'OK';
		   ELSE
			   SET _msg = 'El código ingresado no es válido.';
           END IF;
		ELSE 
           SET _msg = 'El código ha caducado.';
      END IF;
   END IF;
   
   SELECT _msg;
END$$

DELIMITER ;

-- --------------------------------------------------------

--
-- Estructura de tabla para la tabla `cliente`
--

DROP TABLE IF EXISTS `cliente`;
CREATE TABLE IF NOT EXISTS `cliente` (
  `id_cliente` int NOT NULL AUTO_INCREMENT,
  `id_usuario` int NOT NULL,
  `nombres` varchar(100) NOT NULL,
  `apellidos` varchar(100) NOT NULL,
  `tipo_doc` varchar(50) NOT NULL,
  `nro_doc` varchar(20) NOT NULL,
  `telefono` varchar(15) DEFAULT NULL,
  PRIMARY KEY (`id_cliente`),
  UNIQUE KEY `id_usuario` (`id_usuario`)
) ENGINE=InnoDB AUTO_INCREMENT=66 DEFAULT CHARSET=latin1;

--
-- Volcado de datos para la tabla `cliente`
--

INSERT INTO `cliente` (`id_cliente`, `id_usuario`, `nombres`, `apellidos`, `tipo_doc`, `nro_doc`, `telefono`) VALUES
(3, 9, 'Martin', 'Peralta', 'Pasaporte', '1012223652', '965210023'),
(4, 10, 'Rodrigo', 'Caceres', 'Dni', '52100236', '965412365'),
(7, 14, 'Roxana', 'Calderon', 'Dni', '15236226', '965756243'),
(9, 16, 'Carlos', 'Sanchez', 'Dni', '13423474', '997414021'),
(10, 17, 'Jorge', 'Castillo', 'Dni', '10236526', '954646564'),
(11, 18, 'Juan', 'Caceres', 'Dni', '12365236', '965236545'),
(12, 19, 'Marcos', 'Caceres', 'Dni', '10023698', '965412369'),
(16, 20, 'GianFranco Mauricio', 'García Becerra', 'Dni', '57941920', '998589564'),
(17, 21, 'Yelibeth', 'Chirinos Sánchez', 'Dni', '64728093', '907962481'),
(18, 22, 'Victor Alexander', 'Villegas Fernández', 'Dni', '76133398', '963981091'),
(19, 23, 'Armando', 'López Chong', 'Dni', '28424972', '943978434'),
(20, 24, 'Jenifer Maybe', 'Montenegro Camarena', 'Dni', '35985466', '959760449'),
(21, 25, 'Marta', 'Noriega Vásquez', 'Dni', '66787570', '939642664'),
(22, 26, 'Milagros Luciana', 'Rodriguez Guzman', 'Dni', '41759985', '915366598'),
(23, 27, 'Shirley', 'Castillo Velasquez', 'Dni', '34573716', '935181427'),
(24, 28, 'Aldo Simon', 'Escalante Rodriguez', 'Dni', '55504997', '930147769'),
(25, 29, 'Daisy', 'Fernandez Baca', 'Dni', '43430509', '956174803'),
(26, 30, 'Britney Danuska', 'Pilar Huamani', 'Dni', '32301064', '995991371'),
(27, 31, 'Stephanie', 'Del Pilar Huamani', 'Dni', '65067768', '918262859'),
(28, 32, 'Juan Carlos', 'Aguilar Puente', 'Dni', '42243377', '983072016'),
(29, 33, 'Enrique', 'Guzman Cardenas', 'Dni', '59236387', '914002609'),
(30, 34, 'Ingrid Sugey', 'Velasquez Chavez', 'Dni', '45299981', '918401450'),
(31, 35, 'Dayana', 'Sullca Salazar', 'Dni', '34238518', '923604102'),
(32, 36, 'Carlos', 'Bardales Carbajal', 'Dni', '17276258', '982864925'),
(33, 37, 'Adely', 'Sotomayor Carbajal', 'Dni', '65658046', '961996696'),
(34, 38, 'Alan', 'Paucar Caceres', 'Dni', '53126125', '932152935'),
(35, 39, 'Luis Alonzo', 'Dextre Sanchez', 'Dni', '57362421', '952935533'),
(36, 40, 'Luis Alberto', 'Huaman Vera', 'Dni', '47305674', '916398743'),
(37, 41, 'Luis', 'Palacios Sanchez', 'Dni', '21434480', '935156358'),
(38, 42, 'Carlos Humberto', 'Mori Moscoso', 'Dni', '27059859', '920382145'),
(39, 43, 'Francisco', 'Mori Quiroz', 'Dni', '27893361', '970853560'),
(40, 44, 'Alex Roger', 'Muñoz Gomez', 'Dni', '60879377', '962778373'),
(41, 45, 'Erick Ramon', 'Nuñez Tarillo', 'Dni', '70111150', '955107070'),
(42, 46, 'Carmen Rosa', 'Olivera Delgado', 'Dni', '16418596', '982029017'),
(43, 47, 'Cecilia', 'Valverde Quispe', 'Dni', '65398225', '962587716'),
(44, 48, 'Juan', 'Aguilar Caceres', 'Dni', '55908490', '950905489'),
(45, 49, 'Silvana Rocio', 'Pacora Bazalar', 'Dni', '44787861', '903914876'),
(46, 50, 'Manuel Jesus', 'Palomino Berrios', 'Dni', '54459299', '916233274'),
(47, 51, 'Alberto', 'Pereyra Parra', 'Dni', '67190734', '973198349'),
(48, 52, 'Patricia Laura', 'Pinto Victorio', 'Dni', '18711389', '944669200'),
(49, 53, 'Fernando Jose', 'Pozo Gonzales', 'Dni', '67467147', '989929683'),
(50, 54, 'Maria Teresa', 'Quiroz Vasquez', 'Dni', '74582874', '906641213'),
(51, 55, 'Miguel Angel', 'Rayme Delgado', 'Dni', '42091416', '916815934'),
(52, 56, 'Andy Maicol', 'Reyna Diaz', 'Dni', '38491067', '959731863'),
(53, 57, 'Marina Ximena', 'Rodriguez Revilla', 'Dni', '59173888', '983562015'),
(54, 58, 'Juan Esteban', 'Cardenas Zevallos', 'Dni', '10105407', '950091551'),
(55, 59, 'Raul ', 'Ramirez Sevilla', 'Dni', '43882982', '999681363'),
(56, 60, 'Samir', 'Palacios Ramirez', 'Dni', '42827010', '943121982'),
(57, 61, 'Alfredo', 'Matos Olarte', 'Dni', '57654817', '922185410'),
(58, 62, 'Jose Luis', 'Peralta Sanchez', 'Dni', '77775342', '933424985'),
(59, 63, 'Franco', 'Tadeo Jeri', 'Dni', '55503499', '935406051'),
(60, 64, 'Luis Miguel', 'Zuñiga Noriega', 'Dni', '61254762', '971890135'),
(61, 65, 'Juan', 'Perez Mauricio', 'Dni', '32085905', '947258141'),
(62, 66, 'Jorge', 'Caceres Quispe', 'Dni', '12365896', '963254123'),
(63, 67, 'Mario', 'Zulman Calderon', 'Dni', '10236589', '963256326'),
(64, 68, 'Sandra', 'Rodriguez', 'Dni', '70928918', '930755749');

-- --------------------------------------------------------

--
-- Estructura de tabla para la tabla `detalle_venta`
--

DROP TABLE IF EXISTS `detalle_venta`;
CREATE TABLE IF NOT EXISTS `detalle_venta` (
  `id_detalle` int NOT NULL AUTO_INCREMENT,
  `nro_venta` int NOT NULL,
  `id_prod` int DEFAULT NULL,
  `cantidad` int DEFAULT NULL,
  `precio` decimal(8,2) NOT NULL,
  PRIMARY KEY (`id_detalle`),
  KEY `nro_venta` (`nro_venta`),
  KEY `id_prod` (`id_prod`)
) ENGINE=InnoDB AUTO_INCREMENT=2811 DEFAULT CHARSET=latin1;

--
-- Volcado de datos para la tabla `detalle_venta`
--

INSERT INTO `detalle_venta` (`id_detalle`, `nro_venta`, `id_prod`, `cantidad`, `precio`) VALUES
(1, 1, 4, 9, 39.90),
(2, 1, 10, 10, 36.00),
(3, 1, 12, 4, 39.00),
(4, 1, 1, 10, 30.31),
(5, 1, 6, 8, 37.91),
(6, 2, 3, 6, 19.90),
(7, 2, 11, 10, 26.25),
(8, 2, 9, 4, 28.00),
(9, 2, 8, 7, 51.00),
(10, 2, 2, 4, 19.90),
(11, 2, 4, 6, 39.90),
(12, 2, 5, 9, 23.31),
(13, 3, 5, 11, 23.31),
(14, 3, 7, 10, 29.75),
(15, 3, 1, 6, 30.31),
(16, 3, 12, 8, 39.00),
(17, 3, 8, 3, 51.00),
(18, 3, 10, 11, 36.00),
(19, 3, 4, 2, 39.90),
(20, 4, 4, 8, 39.90),
(21, 4, 5, 8, 23.31),
(22, 4, 12, 4, 39.00),
(23, 4, 9, 5, 28.00),
(24, 4, 1, 10, 30.31),
(25, 4, 10, 7, 36.00),
(26, 4, 6, 3, 37.91),
(27, 4, 7, 4, 29.75),
(28, 4, 2, 8, 19.90),
(29, 4, 8, 10, 51.00),
(30, 5, 2, 4, 19.90),
(31, 5, 1, 8, 30.31),
(32, 6, 3, 10, 19.90),
(33, 6, 12, 5, 39.00),
(34, 6, 4, 10, 39.90),
(35, 6, 11, 7, 26.25),
(36, 6, 7, 2, 29.75),
(37, 6, 1, 8, 30.31),
(38, 6, 10, 2, 36.00),
(39, 6, 2, 7, 19.90),
(40, 6, 6, 8, 37.91),
(41, 7, 9, 8, 28.00),
(42, 7, 5, 8, 23.31),
(43, 7, 2, 4, 19.90),
(44, 7, 7, 6, 29.75),
(45, 7, 11, 6, 26.25),
(46, 7, 3, 10, 19.90),
(47, 7, 12, 1, 39.00),
(48, 8, 1, 4, 30.31),
(49, 8, 2, 7, 19.90),
(50, 8, 12, 4, 39.00),
(51, 8, 7, 5, 29.75),
(52, 8, 8, 6, 51.00),
(53, 8, 10, 2, 36.00),
(54, 9, 2, 5, 19.90),
(55, 9, 1, 9, 30.31),
(56, 9, 10, 11, 36.00),
(57, 9, 6, 5, 37.91),
(58, 9, 3, 3, 19.90),
(59, 9, 7, 8, 29.75),
(60, 9, 12, 10, 39.00),
(61, 9, 9, 4, 28.00),
(62, 9, 5, 9, 23.31),
(63, 9, 11, 4, 26.25),
(64, 9, 8, 3, 51.00),
(65, 10, 7, 7, 29.75),
(66, 11, 4, 10, 39.90),
(67, 12, 3, 9, 19.90),
(68, 12, 11, 5, 26.25),
(69, 12, 5, 10, 23.31),
(70, 12, 8, 1, 51.00),
(71, 12, 9, 5, 28.00),
(72, 12, 4, 3, 39.90),
(73, 12, 2, 6, 19.90),
(74, 12, 10, 2, 36.00),
(75, 12, 12, 9, 39.00),
(76, 13, 5, 11, 23.31),
(77, 13, 4, 10, 39.90),
(78, 13, 7, 8, 29.75),
(79, 13, 6, 10, 37.91),
(80, 13, 12, 2, 39.00),
(81, 13, 3, 10, 19.90),
(82, 13, 2, 2, 19.90),
(83, 13, 10, 8, 36.00),
(84, 14, 5, 3, 23.31),
(85, 14, 3, 11, 19.90),
(86, 14, 10, 4, 36.00),
(87, 14, 7, 6, 29.75),
(88, 15, 1, 6, 30.31),
(89, 15, 2, 3, 19.90),
(90, 15, 11, 4, 26.25),
(91, 15, 5, 11, 23.31),
(92, 15, 9, 11, 28.00),
(93, 15, 12, 10, 39.00),
(94, 15, 10, 8, 36.00),
(95, 15, 8, 7, 51.00),
(96, 15, 3, 9, 19.90),
(97, 16, 9, 4, 28.00),
(98, 16, 7, 2, 29.75),
(99, 16, 2, 10, 19.90),
(100, 16, 11, 3, 26.25),
(101, 16, 4, 4, 39.90),
(102, 16, 12, 8, 39.00),
(103, 17, 4, 3, 39.90),
(104, 17, 3, 7, 19.90),
(105, 17, 7, 6, 29.75),
(106, 17, 9, 6, 28.00),
(107, 17, 10, 2, 36.00),
(108, 17, 2, 2, 19.90),
(109, 17, 6, 2, 37.91),
(110, 17, 12, 4, 39.00),
(111, 17, 1, 4, 30.31),
(112, 17, 8, 6, 51.00),
(113, 18, 9, 6, 28.00),
(114, 18, 7, 10, 29.75),
(115, 18, 11, 2, 26.25),
(116, 18, 6, 7, 37.91),
(117, 18, 2, 7, 19.90),
(118, 18, 4, 6, 39.90),
(119, 18, 10, 6, 36.00),
(120, 18, 5, 11, 23.31),
(121, 19, 12, 10, 39.00),
(122, 19, 4, 5, 39.90),
(123, 19, 9, 6, 28.00),
(124, 19, 1, 2, 30.31),
(125, 19, 2, 3, 19.90),
(126, 20, 5, 2, 23.31),
(127, 20, 10, 11, 36.00),
(128, 20, 6, 7, 37.91),
(129, 20, 12, 1, 39.00),
(130, 20, 11, 4, 26.25),
(131, 20, 4, 7, 39.90),
(132, 20, 9, 10, 28.00),
(133, 20, 3, 7, 19.90),
(134, 20, 8, 6, 51.00),
(135, 21, 11, 7, 26.25),
(136, 21, 7, 2, 29.75),
(137, 21, 3, 6, 19.90),
(138, 21, 8, 7, 51.00),
(139, 21, 1, 3, 30.31),
(140, 21, 10, 5, 36.00),
(141, 21, 2, 3, 19.90),
(142, 21, 6, 9, 37.91),
(143, 22, 11, 7, 26.25),
(144, 22, 1, 6, 30.31),
(145, 22, 12, 7, 39.00),
(146, 22, 3, 8, 19.90),
(147, 23, 9, 3, 28.00),
(148, 23, 10, 10, 36.00),
(149, 23, 4, 8, 39.90),
(150, 23, 12, 1, 39.00),
(151, 23, 3, 1, 19.90),
(152, 23, 11, 2, 26.25),
(153, 23, 2, 3, 19.90),
(154, 23, 8, 7, 51.00),
(155, 24, 10, 7, 36.00),
(156, 24, 9, 1, 28.00),
(157, 24, 7, 4, 29.75),
(158, 24, 6, 5, 37.91),
(159, 24, 1, 4, 30.31),
(160, 24, 11, 2, 26.25),
(161, 24, 8, 6, 51.00),
(162, 24, 4, 4, 39.90),
(163, 25, 9, 2, 28.00),
(164, 25, 12, 6, 39.00),
(165, 25, 10, 4, 36.00),
(166, 25, 5, 10, 23.31),
(167, 25, 2, 10, 19.90),
(168, 25, 4, 6, 39.90),
(169, 25, 1, 11, 30.31),
(170, 25, 6, 5, 37.91),
(171, 25, 11, 11, 26.25),
(172, 25, 7, 9, 29.75),
(173, 25, 3, 10, 19.90),
(174, 26, 11, 4, 26.25),
(175, 26, 6, 10, 37.91),
(176, 26, 9, 9, 28.00),
(177, 27, 3, 6, 19.90),
(178, 27, 11, 9, 26.25),
(179, 27, 7, 9, 29.75),
(180, 28, 7, 10, 29.75),
(181, 28, 3, 2, 19.90),
(182, 28, 9, 9, 28.00),
(183, 28, 2, 9, 19.90),
(184, 28, 12, 5, 39.00),
(185, 29, 8, 4, 51.00),
(186, 29, 6, 7, 37.91),
(187, 29, 1, 2, 30.31),
(188, 29, 5, 7, 23.31),
(189, 29, 3, 9, 19.90),
(190, 29, 12, 3, 39.00),
(191, 29, 11, 8, 26.25),
(192, 29, 9, 8, 28.00),
(193, 29, 4, 5, 39.90),
(194, 29, 10, 9, 36.00),
(195, 29, 7, 1, 29.75),
(196, 30, 5, 1, 23.31),
(197, 30, 10, 4, 36.00),
(198, 30, 8, 5, 51.00),
(199, 30, 6, 3, 37.91),
(200, 30, 1, 6, 30.31),
(201, 30, 7, 4, 29.75),
(202, 30, 9, 8, 28.00),
(203, 30, 2, 8, 19.90),
(204, 30, 12, 6, 39.00),
(205, 31, 5, 9, 23.31),
(206, 31, 1, 9, 30.31),
(207, 31, 11, 7, 26.25),
(208, 31, 4, 8, 39.90),
(209, 32, 9, 3, 28.00),
(210, 32, 6, 9, 37.91),
(211, 32, 5, 5, 23.31),
(212, 32, 4, 5, 39.90),
(213, 32, 1, 1, 30.31),
(214, 32, 12, 9, 39.00),
(215, 32, 2, 2, 19.90),
(216, 32, 3, 10, 19.90),
(217, 33, 9, 7, 28.00),
(218, 34, 9, 7, 28.00),
(219, 34, 2, 4, 19.90),
(220, 34, 11, 10, 26.25),
(221, 34, 4, 4, 39.90),
(222, 34, 1, 3, 30.31),
(223, 34, 6, 10, 37.91),
(224, 34, 3, 11, 19.90),
(225, 34, 12, 2, 39.00),
(226, 34, 7, 8, 29.75),
(227, 35, 3, 7, 19.90),
(228, 35, 2, 3, 19.90),
(229, 36, 12, 5, 39.00),
(230, 36, 7, 4, 29.75),
(231, 37, 11, 9, 26.25),
(232, 37, 9, 10, 28.00),
(233, 38, 12, 8, 39.00),
(234, 38, 7, 5, 29.75),
(235, 38, 1, 2, 30.31),
(236, 38, 11, 2, 26.25),
(237, 38, 5, 4, 23.31),
(238, 38, 4, 3, 39.90),
(239, 38, 10, 1, 36.00),
(240, 38, 9, 6, 28.00),
(241, 38, 6, 5, 37.91),
(242, 38, 3, 7, 19.90),
(243, 38, 8, 10, 51.00),
(244, 38, 2, 7, 19.90),
(245, 39, 1, 10, 30.31),
(246, 39, 2, 2, 19.90),
(247, 39, 4, 10, 39.90),
(248, 40, 2, 9, 19.90),
(249, 40, 8, 7, 51.00),
(250, 40, 11, 6, 26.25),
(251, 40, 3, 9, 19.90),
(252, 40, 7, 8, 29.75),
(253, 40, 6, 11, 37.91),
(254, 40, 12, 8, 39.00),
(255, 40, 9, 8, 28.00),
(256, 40, 10, 2, 36.00),
(257, 40, 5, 8, 23.31),
(258, 40, 4, 2, 39.90),
(259, 41, 10, 11, 36.00),
(260, 41, 11, 2, 26.25),
(261, 41, 12, 8, 39.00),
(262, 41, 3, 2, 19.90),
(263, 41, 9, 5, 28.00),
(264, 41, 6, 7, 37.91),
(265, 42, 5, 10, 23.31),
(266, 43, 11, 8, 26.25),
(267, 43, 2, 7, 19.90),
(268, 43, 9, 10, 28.00),
(269, 43, 5, 8, 23.31),
(270, 44, 10, 4, 36.00),
(271, 44, 1, 11, 30.31),
(272, 44, 2, 9, 19.90),
(273, 44, 12, 2, 39.00),
(274, 44, 11, 2, 26.25),
(275, 44, 4, 3, 39.90),
(276, 44, 3, 8, 19.90),
(277, 44, 9, 9, 28.00),
(278, 44, 5, 10, 23.31),
(279, 44, 7, 3, 29.75),
(280, 44, 8, 5, 51.00),
(281, 45, 11, 4, 26.25),
(282, 45, 1, 9, 30.31),
(283, 45, 7, 3, 29.75),
(284, 45, 5, 8, 23.31),
(285, 46, 11, 4, 26.25),
(286, 47, 3, 5, 19.90),
(287, 47, 11, 3, 26.25),
(288, 47, 8, 9, 51.00),
(289, 47, 6, 3, 37.91),
(290, 47, 1, 11, 30.31),
(291, 47, 7, 2, 29.75),
(292, 47, 5, 7, 23.31),
(293, 47, 2, 7, 19.90),
(294, 47, 10, 5, 36.00),
(295, 48, 7, 11, 29.75),
(296, 48, 11, 9, 26.25),
(297, 49, 7, 6, 29.75),
(298, 49, 1, 2, 30.31),
(299, 50, 1, 8, 30.31),
(300, 50, 9, 10, 28.00),
(301, 51, 4, 10, 39.90),
(302, 51, 1, 4, 30.31),
(303, 51, 7, 2, 29.75),
(304, 51, 9, 4, 28.00),
(305, 51, 8, 3, 51.00),
(306, 51, 11, 11, 26.25),
(307, 51, 12, 5, 39.00),
(308, 52, 6, 7, 37.91),
(309, 52, 2, 8, 19.90),
(310, 52, 10, 9, 36.00),
(311, 52, 5, 10, 23.31),
(312, 52, 8, 10, 51.00),
(313, 52, 9, 1, 28.00),
(314, 52, 1, 4, 30.31),
(315, 52, 11, 7, 26.25),
(316, 52, 7, 2, 29.75),
(317, 52, 12, 7, 39.00),
(318, 52, 3, 9, 19.90),
(319, 52, 4, 3, 39.90),
(320, 53, 5, 2, 23.31),
(321, 53, 7, 1, 29.75),
(322, 53, 12, 10, 39.00),
(323, 53, 3, 5, 19.90),
(324, 53, 11, 4, 26.25),
(325, 54, 12, 3, 39.00),
(326, 54, 9, 6, 28.00),
(327, 54, 1, 10, 30.31),
(328, 55, 7, 3, 29.75),
(329, 55, 11, 2, 26.25),
(330, 55, 8, 9, 51.00),
(331, 55, 3, 7, 19.90),
(332, 55, 1, 9, 30.31),
(333, 55, 10, 11, 36.00),
(334, 55, 6, 7, 37.91),
(335, 55, 9, 3, 28.00),
(336, 55, 5, 4, 23.31),
(337, 55, 4, 7, 39.90),
(338, 55, 2, 4, 19.90),
(339, 56, 4, 8, 39.90),
(340, 56, 1, 4, 30.31),
(341, 56, 11, 2, 26.25),
(342, 56, 12, 10, 39.00),
(343, 56, 7, 10, 29.75),
(344, 56, 6, 9, 37.91),
(345, 56, 9, 4, 28.00),
(346, 56, 5, 4, 23.31),
(347, 57, 8, 7, 51.00),
(348, 57, 5, 3, 23.31),
(349, 57, 7, 4, 29.75),
(350, 57, 1, 10, 30.31),
(351, 57, 4, 6, 39.90),
(352, 58, 10, 4, 36.00),
(353, 58, 3, 9, 19.90),
(354, 58, 5, 2, 23.31),
(355, 58, 11, 1, 26.25),
(356, 58, 4, 10, 39.90),
(357, 58, 12, 5, 39.00),
(358, 58, 6, 4, 37.91),
(359, 58, 7, 2, 29.75),
(360, 58, 9, 10, 28.00),
(361, 59, 6, 6, 37.91),
(362, 60, 2, 5, 19.90),
(363, 60, 3, 2, 19.90),
(364, 60, 7, 6, 29.75),
(365, 60, 1, 3, 30.31),
(366, 60, 9, 7, 28.00),
(367, 60, 10, 5, 36.00),
(368, 60, 11, 11, 26.25),
(369, 60, 4, 8, 39.90),
(370, 61, 6, 10, 37.91),
(371, 61, 11, 10, 26.25),
(372, 61, 7, 7, 29.75),
(373, 61, 8, 3, 51.00),
(374, 61, 10, 3, 36.00),
(375, 61, 4, 7, 39.90),
(376, 61, 3, 5, 19.90),
(377, 62, 4, 5, 39.90),
(378, 63, 4, 7, 39.90),
(379, 63, 11, 10, 26.25),
(380, 64, 3, 2, 19.90),
(381, 64, 5, 2, 23.31),
(382, 64, 4, 2, 39.90),
(383, 64, 10, 4, 36.00),
(384, 64, 8, 11, 51.00),
(385, 64, 7, 2, 29.75),
(386, 64, 11, 5, 26.25),
(387, 64, 6, 11, 37.91),
(388, 65, 12, 11, 39.00),
(389, 65, 10, 3, 36.00),
(390, 65, 8, 10, 51.00),
(391, 65, 5, 2, 23.31),
(392, 65, 11, 8, 26.25),
(393, 65, 4, 3, 39.90),
(394, 65, 7, 9, 29.75),
(395, 66, 11, 7, 26.25),
(396, 66, 7, 3, 29.75),
(397, 66, 2, 3, 19.90),
(398, 66, 5, 4, 23.31),
(399, 66, 4, 10, 39.90),
(400, 66, 1, 9, 30.31),
(401, 66, 6, 4, 37.91),
(402, 66, 8, 10, 51.00),
(403, 67, 4, 11, 39.90),
(404, 67, 3, 4, 19.90),
(405, 67, 6, 4, 37.91),
(406, 67, 7, 8, 29.75),
(407, 67, 2, 7, 19.90),
(408, 67, 12, 10, 39.00),
(409, 67, 1, 8, 30.31),
(410, 67, 8, 8, 51.00),
(411, 67, 11, 7, 26.25),
(412, 67, 9, 9, 28.00),
(413, 68, 4, 4, 39.90),
(414, 68, 10, 8, 36.00),
(415, 68, 1, 8, 30.31),
(416, 68, 8, 6, 51.00),
(417, 69, 10, 10, 36.00),
(418, 69, 8, 11, 51.00),
(419, 69, 6, 2, 37.91),
(420, 70, 7, 10, 29.75),
(421, 70, 6, 4, 37.91),
(422, 70, 3, 10, 19.90),
(423, 70, 5, 5, 23.31),
(424, 70, 4, 4, 39.90),
(425, 70, 11, 6, 26.25),
(426, 70, 2, 7, 19.90),
(427, 70, 1, 4, 30.31),
(428, 71, 2, 10, 19.90),
(429, 71, 6, 2, 37.91),
(430, 71, 10, 2, 36.00),
(431, 71, 7, 3, 29.75),
(432, 71, 4, 5, 39.90),
(433, 71, 9, 8, 28.00),
(434, 71, 12, 2, 39.00),
(435, 71, 5, 4, 23.31),
(436, 71, 8, 3, 51.00),
(437, 71, 1, 2, 30.31),
(438, 71, 11, 9, 26.25),
(439, 71, 3, 7, 19.90),
(440, 72, 1, 7, 30.31),
(441, 72, 8, 9, 51.00),
(442, 72, 7, 10, 29.75),
(443, 72, 9, 6, 28.00),
(444, 72, 11, 6, 26.25),
(445, 72, 12, 3, 39.00),
(446, 72, 6, 5, 37.91),
(447, 72, 2, 5, 19.90),
(448, 72, 5, 9, 23.31),
(449, 72, 10, 10, 36.00),
(450, 73, 9, 8, 28.00),
(451, 73, 1, 6, 30.31),
(452, 73, 2, 3, 19.90),
(453, 74, 1, 4, 30.31),
(454, 74, 7, 4, 29.75),
(455, 74, 12, 5, 39.00),
(456, 74, 6, 5, 37.91),
(457, 74, 9, 6, 28.00),
(458, 74, 8, 5, 51.00),
(459, 74, 10, 7, 36.00),
(460, 74, 2, 10, 19.90),
(461, 74, 4, 8, 39.90),
(462, 74, 5, 8, 23.31),
(463, 75, 10, 9, 36.00),
(464, 75, 7, 1, 29.75),
(465, 75, 8, 7, 51.00),
(466, 75, 6, 2, 37.91),
(467, 75, 4, 7, 39.90),
(468, 75, 12, 10, 39.00),
(469, 75, 2, 7, 19.90),
(470, 75, 5, 2, 23.31),
(471, 76, 2, 2, 19.90),
(472, 76, 7, 9, 29.75),
(473, 76, 10, 10, 36.00),
(474, 76, 5, 1, 23.31),
(475, 76, 11, 6, 26.25),
(476, 76, 4, 4, 39.90),
(477, 76, 6, 10, 37.91),
(478, 76, 8, 7, 51.00),
(479, 76, 3, 4, 19.90),
(480, 76, 1, 7, 30.31),
(481, 77, 4, 6, 39.90),
(482, 77, 5, 5, 23.31),
(483, 77, 1, 7, 30.31),
(484, 78, 3, 2, 19.90),
(485, 78, 6, 6, 37.91),
(486, 78, 7, 10, 29.75),
(487, 78, 5, 2, 23.31),
(488, 78, 8, 8, 51.00),
(489, 78, 12, 2, 39.00),
(490, 78, 1, 7, 30.31),
(491, 78, 10, 6, 36.00),
(492, 79, 9, 6, 28.00),
(493, 79, 3, 9, 19.90),
(494, 79, 10, 6, 36.00),
(495, 79, 4, 2, 39.90),
(496, 79, 12, 3, 39.00),
(497, 79, 7, 6, 29.75),
(498, 79, 5, 1, 23.31),
(499, 79, 11, 7, 26.25),
(500, 80, 11, 6, 26.25),
(501, 80, 8, 8, 51.00),
(502, 80, 2, 3, 19.90),
(503, 80, 4, 10, 39.90),
(504, 80, 9, 9, 28.00),
(505, 80, 1, 5, 30.31),
(506, 80, 5, 7, 23.31),
(507, 80, 12, 7, 39.00),
(508, 80, 7, 3, 29.75),
(509, 80, 3, 2, 19.90),
(510, 81, 11, 6, 26.25),
(511, 81, 6, 5, 37.91),
(512, 81, 3, 6, 19.90),
(513, 82, 4, 5, 39.90),
(514, 82, 5, 5, 23.31),
(515, 82, 6, 10, 37.91),
(516, 82, 2, 6, 19.90),
(517, 83, 8, 5, 51.00),
(518, 83, 3, 9, 19.90),
(519, 83, 2, 10, 19.90),
(520, 83, 4, 10, 39.90),
(521, 83, 1, 8, 30.31),
(522, 83, 12, 1, 39.00),
(523, 83, 11, 10, 26.25),
(524, 84, 10, 10, 36.00),
(525, 84, 12, 2, 39.00),
(526, 84, 2, 2, 19.90),
(527, 84, 7, 2, 29.75),
(528, 84, 3, 3, 19.90),
(529, 84, 6, 8, 37.91),
(530, 85, 5, 11, 23.31),
(531, 85, 8, 2, 51.00),
(532, 85, 7, 7, 29.75),
(533, 85, 2, 9, 19.90),
(534, 85, 6, 10, 37.91),
(535, 85, 1, 6, 30.31),
(536, 85, 11, 6, 26.25),
(537, 85, 10, 1, 36.00),
(538, 85, 9, 7, 28.00),
(539, 86, 10, 3, 36.00),
(540, 86, 8, 6, 51.00),
(541, 86, 12, 10, 39.00),
(542, 86, 3, 9, 19.90),
(543, 86, 6, 7, 37.91),
(544, 86, 5, 6, 23.31),
(545, 86, 1, 7, 30.31),
(546, 86, 11, 5, 26.25),
(547, 86, 7, 4, 29.75),
(548, 86, 9, 6, 28.00),
(549, 86, 4, 4, 39.90),
(550, 87, 5, 4, 23.31),
(551, 87, 6, 1, 37.91),
(552, 87, 9, 5, 28.00),
(553, 87, 3, 7, 19.90),
(554, 88, 6, 1, 37.91),
(555, 88, 11, 10, 26.25),
(556, 89, 1, 8, 30.31),
(557, 89, 3, 5, 19.90),
(558, 89, 4, 3, 39.90),
(559, 89, 11, 6, 26.25),
(560, 89, 12, 9, 39.00),
(561, 90, 12, 10, 39.00),
(562, 90, 6, 6, 37.91),
(563, 90, 8, 6, 51.00),
(564, 90, 2, 2, 19.90),
(565, 90, 5, 1, 23.31),
(566, 90, 10, 9, 36.00),
(567, 90, 3, 9, 19.90),
(568, 90, 7, 8, 29.75),
(569, 91, 3, 5, 19.90),
(570, 91, 1, 11, 30.31),
(571, 91, 8, 6, 51.00),
(572, 92, 11, 5, 26.25),
(573, 92, 2, 9, 19.90),
(574, 92, 12, 7, 39.00),
(575, 92, 10, 10, 36.00),
(576, 92, 4, 6, 39.90),
(577, 92, 1, 8, 30.31),
(578, 92, 3, 3, 19.90),
(579, 92, 5, 10, 23.31),
(580, 92, 7, 11, 29.75),
(581, 92, 9, 2, 28.00),
(582, 92, 8, 8, 51.00),
(583, 93, 6, 1, 37.91),
(584, 93, 8, 10, 51.00),
(585, 94, 9, 5, 28.00),
(586, 94, 8, 8, 51.00),
(587, 94, 6, 3, 37.91),
(588, 94, 10, 9, 36.00),
(589, 94, 1, 5, 30.31),
(590, 94, 5, 6, 23.31),
(591, 94, 2, 5, 19.90),
(592, 94, 4, 6, 39.90),
(593, 94, 12, 3, 39.00),
(594, 95, 1, 9, 30.31),
(595, 95, 7, 10, 29.75),
(596, 95, 5, 1, 23.31),
(597, 95, 3, 7, 19.90),
(598, 95, 10, 9, 36.00),
(599, 95, 6, 4, 37.91),
(600, 95, 9, 1, 28.00),
(601, 96, 3, 9, 19.90),
(602, 96, 1, 6, 30.31),
(603, 96, 4, 1, 39.90),
(604, 97, 4, 2, 39.90),
(605, 97, 1, 3, 30.31),
(606, 97, 10, 8, 36.00),
(607, 97, 9, 1, 28.00),
(608, 97, 2, 10, 19.90),
(609, 97, 3, 5, 19.90),
(610, 97, 8, 2, 51.00),
(611, 97, 11, 7, 26.25),
(612, 98, 2, 2, 19.90),
(613, 98, 12, 2, 39.00),
(614, 98, 1, 4, 30.31),
(615, 98, 11, 4, 26.25),
(616, 98, 6, 7, 37.91),
(617, 98, 8, 11, 51.00),
(618, 98, 3, 3, 19.90),
(619, 98, 5, 10, 23.31),
(620, 98, 7, 9, 29.75),
(621, 98, 10, 6, 36.00),
(622, 99, 12, 8, 39.00),
(623, 99, 4, 2, 39.90),
(624, 99, 2, 4, 19.90),
(625, 100, 12, 8, 39.00),
(626, 100, 3, 5, 19.90),
(627, 100, 10, 11, 36.00),
(628, 101, 12, 7, 39.00),
(629, 101, 5, 9, 23.31),
(630, 101, 3, 4, 19.90),
(631, 101, 7, 3, 29.75),
(632, 101, 1, 2, 30.31),
(633, 101, 8, 1, 51.00),
(634, 101, 4, 7, 39.90),
(635, 101, 9, 2, 28.00),
(636, 102, 7, 9, 29.75),
(637, 102, 10, 2, 36.00),
(638, 102, 6, 3, 37.91),
(639, 102, 4, 8, 39.90),
(640, 102, 12, 7, 39.00),
(641, 102, 1, 3, 30.31),
(642, 102, 3, 4, 19.90),
(643, 102, 2, 8, 19.90),
(644, 103, 6, 4, 37.91),
(645, 103, 11, 11, 26.25),
(646, 103, 10, 11, 36.00),
(647, 103, 8, 11, 51.00),
(648, 103, 9, 9, 28.00),
(649, 103, 3, 2, 19.90),
(650, 103, 1, 3, 30.31),
(651, 103, 2, 6, 19.90),
(652, 103, 5, 10, 23.31),
(653, 103, 12, 2, 39.00),
(654, 104, 8, 10, 51.00),
(655, 104, 11, 8, 26.25),
(656, 104, 3, 9, 19.90),
(657, 104, 4, 8, 39.90),
(658, 104, 7, 5, 29.75),
(659, 104, 9, 7, 28.00),
(660, 104, 5, 8, 23.31),
(661, 104, 2, 1, 19.90),
(662, 105, 11, 8, 26.25),
(663, 105, 5, 3, 23.31),
(664, 105, 3, 1, 19.90),
(665, 105, 12, 7, 39.00),
(666, 105, 10, 10, 36.00),
(667, 105, 4, 7, 39.90),
(668, 105, 6, 4, 37.91),
(669, 105, 9, 8, 28.00),
(670, 105, 2, 8, 19.90),
(671, 105, 1, 4, 30.31),
(672, 105, 8, 6, 51.00),
(673, 105, 7, 8, 29.75),
(674, 106, 1, 7, 30.31),
(675, 106, 12, 6, 39.00),
(676, 106, 5, 6, 23.31),
(677, 106, 9, 1, 28.00),
(678, 106, 4, 8, 39.90),
(679, 106, 6, 5, 37.91),
(680, 106, 3, 8, 19.90),
(681, 106, 11, 7, 26.25),
(682, 106, 8, 10, 51.00),
(683, 106, 2, 8, 19.90),
(684, 107, 7, 10, 29.75),
(685, 107, 5, 4, 23.31),
(686, 107, 3, 5, 19.90),
(687, 107, 11, 5, 26.25),
(688, 107, 1, 10, 30.31),
(689, 107, 10, 11, 36.00),
(690, 107, 4, 5, 39.90),
(691, 107, 6, 10, 37.91),
(692, 108, 1, 7, 30.31),
(693, 108, 4, 10, 39.90),
(694, 108, 2, 9, 19.90),
(695, 108, 8, 6, 51.00),
(696, 108, 7, 10, 29.75),
(697, 109, 5, 3, 23.31),
(698, 109, 2, 7, 19.90),
(699, 109, 12, 7, 39.00),
(700, 109, 11, 4, 26.25),
(701, 109, 10, 6, 36.00),
(702, 109, 8, 8, 51.00),
(703, 109, 3, 10, 19.90),
(704, 109, 9, 7, 28.00),
(705, 109, 6, 3, 37.91),
(706, 109, 7, 2, 29.75),
(707, 109, 4, 2, 39.90),
(708, 110, 8, 5, 51.00),
(709, 110, 3, 7, 19.90),
(710, 110, 9, 10, 28.00),
(711, 110, 12, 6, 39.00),
(712, 110, 2, 1, 19.90),
(713, 110, 10, 7, 36.00),
(714, 110, 5, 10, 23.31),
(715, 110, 11, 9, 26.25),
(716, 110, 1, 2, 30.31),
(717, 110, 7, 1, 29.75),
(718, 110, 4, 10, 39.90),
(719, 110, 6, 6, 37.91),
(720, 111, 11, 5, 26.25),
(721, 111, 3, 6, 19.90),
(722, 111, 10, 5, 36.00),
(723, 111, 12, 5, 39.00),
(724, 111, 9, 11, 28.00),
(725, 111, 7, 7, 29.75),
(726, 111, 6, 3, 37.91),
(727, 111, 2, 4, 19.90),
(728, 111, 1, 9, 30.31),
(729, 111, 8, 2, 51.00),
(730, 111, 5, 10, 23.31),
(731, 112, 8, 8, 51.00),
(732, 112, 4, 2, 39.90),
(733, 112, 7, 7, 29.75),
(734, 112, 5, 7, 23.31),
(735, 113, 5, 3, 23.31),
(736, 113, 9, 11, 28.00),
(737, 113, 11, 2, 26.25),
(738, 114, 7, 2, 29.75),
(739, 114, 5, 2, 23.31),
(740, 114, 3, 4, 19.90),
(741, 114, 12, 2, 39.00),
(742, 114, 2, 7, 19.90),
(743, 114, 1, 10, 30.31),
(744, 114, 8, 6, 51.00),
(745, 114, 6, 8, 37.91),
(746, 114, 4, 2, 39.90),
(747, 114, 9, 6, 28.00),
(748, 115, 1, 11, 30.31),
(749, 115, 4, 5, 39.90),
(750, 116, 11, 8, 26.25),
(751, 116, 2, 3, 19.90),
(752, 116, 9, 10, 28.00),
(753, 116, 12, 11, 39.00),
(754, 117, 6, 8, 37.91),
(755, 117, 10, 6, 36.00),
(756, 118, 9, 8, 28.00),
(757, 118, 11, 5, 26.25),
(758, 118, 10, 10, 36.00),
(759, 118, 8, 5, 51.00),
(760, 118, 1, 5, 30.31),
(761, 118, 7, 9, 29.75),
(762, 119, 3, 11, 19.90),
(763, 119, 4, 7, 39.90),
(764, 119, 12, 1, 39.00),
(765, 119, 10, 5, 36.00),
(766, 119, 5, 10, 23.31),
(767, 119, 9, 3, 28.00),
(768, 119, 6, 3, 37.91),
(769, 120, 2, 7, 19.90),
(770, 120, 1, 5, 30.31),
(771, 120, 9, 3, 28.00),
(772, 120, 10, 7, 36.00),
(773, 120, 5, 6, 23.31),
(774, 120, 11, 7, 26.25),
(775, 120, 4, 5, 39.90),
(776, 121, 1, 4, 30.31),
(777, 121, 6, 3, 37.91),
(778, 121, 8, 3, 51.00),
(779, 121, 3, 2, 19.90),
(780, 122, 12, 1, 39.00),
(781, 122, 8, 9, 51.00),
(782, 122, 4, 10, 39.90),
(783, 123, 5, 10, 23.31),
(784, 123, 4, 8, 39.90),
(785, 123, 10, 11, 36.00),
(786, 123, 9, 8, 28.00),
(787, 124, 9, 1, 28.00),
(788, 124, 12, 7, 39.00),
(789, 124, 4, 10, 39.90),
(790, 124, 2, 10, 19.90),
(791, 124, 5, 8, 23.31),
(792, 125, 9, 4, 28.00),
(793, 125, 2, 11, 19.90),
(794, 125, 1, 10, 30.31),
(795, 125, 4, 7, 39.90),
(796, 125, 12, 3, 39.00),
(797, 125, 7, 3, 29.75),
(798, 125, 5, 7, 23.31),
(799, 125, 8, 3, 51.00),
(800, 125, 6, 3, 37.91),
(801, 125, 10, 4, 36.00),
(802, 125, 3, 9, 19.90),
(803, 126, 6, 3, 37.91),
(804, 126, 11, 7, 26.25),
(805, 126, 5, 3, 23.31),
(806, 126, 4, 3, 39.90),
(807, 127, 3, 2, 19.90),
(808, 127, 10, 10, 36.00),
(809, 127, 2, 5, 19.90),
(810, 127, 9, 6, 28.00),
(811, 127, 5, 1, 23.31),
(812, 127, 4, 8, 39.90),
(813, 127, 11, 5, 26.25),
(814, 127, 1, 10, 30.31),
(815, 127, 12, 6, 39.00),
(816, 128, 11, 3, 26.25),
(817, 128, 12, 10, 39.00),
(818, 128, 10, 10, 36.00),
(819, 128, 1, 6, 30.31),
(820, 128, 2, 2, 19.90),
(821, 128, 9, 8, 28.00),
(822, 128, 4, 6, 39.90),
(823, 129, 12, 11, 39.00),
(824, 129, 3, 5, 19.90),
(825, 129, 9, 3, 28.00),
(826, 129, 7, 8, 29.75),
(827, 129, 11, 10, 26.25),
(828, 130, 1, 10, 30.31),
(829, 130, 5, 6, 23.31),
(830, 130, 7, 8, 29.75),
(831, 130, 9, 9, 28.00),
(832, 130, 10, 2, 36.00),
(833, 130, 6, 10, 37.91),
(834, 130, 2, 3, 19.90),
(835, 131, 2, 10, 19.90),
(836, 131, 8, 2, 51.00),
(837, 131, 11, 11, 26.25),
(838, 131, 5, 7, 23.31),
(839, 131, 7, 10, 29.75),
(840, 131, 3, 11, 19.90),
(841, 131, 9, 2, 28.00),
(842, 132, 2, 6, 19.90),
(843, 132, 4, 9, 39.90),
(844, 132, 8, 5, 51.00),
(845, 132, 10, 6, 36.00),
(846, 132, 6, 6, 37.91),
(847, 133, 7, 9, 29.75),
(848, 133, 1, 2, 30.31),
(849, 133, 2, 1, 19.90),
(850, 133, 4, 10, 39.90),
(851, 133, 6, 5, 37.91),
(852, 133, 11, 3, 26.25),
(853, 133, 10, 1, 36.00),
(854, 133, 3, 5, 19.90),
(855, 133, 12, 10, 39.00),
(856, 133, 9, 3, 28.00),
(857, 133, 5, 4, 23.31),
(858, 133, 8, 10, 51.00),
(859, 134, 4, 7, 39.90),
(860, 134, 5, 7, 23.31),
(861, 134, 1, 1, 30.31),
(862, 134, 9, 5, 28.00),
(863, 134, 3, 9, 19.90),
(864, 134, 11, 10, 26.25),
(865, 134, 2, 1, 19.90),
(866, 135, 7, 8, 29.75),
(867, 135, 6, 5, 37.91),
(868, 135, 10, 1, 36.00),
(869, 135, 12, 9, 39.00),
(870, 135, 8, 2, 51.00),
(871, 135, 5, 3, 23.31),
(872, 135, 2, 8, 19.90),
(873, 136, 5, 2, 23.31),
(874, 136, 2, 8, 19.90),
(875, 136, 10, 3, 36.00),
(876, 136, 11, 8, 26.25),
(877, 136, 4, 10, 39.90),
(878, 136, 3, 6, 19.90),
(879, 136, 7, 10, 29.75),
(880, 136, 12, 9, 39.00),
(881, 136, 1, 4, 30.31),
(882, 136, 8, 3, 51.00),
(883, 136, 9, 10, 28.00),
(884, 137, 6, 9, 37.91),
(885, 138, 8, 10, 51.00),
(886, 138, 4, 7, 39.90),
(887, 138, 9, 8, 28.00),
(888, 138, 2, 6, 19.90),
(889, 138, 1, 7, 30.31),
(890, 138, 12, 4, 39.00),
(891, 138, 11, 10, 26.25),
(892, 138, 5, 7, 23.31),
(893, 138, 10, 4, 36.00),
(894, 138, 3, 8, 19.90),
(895, 138, 6, 7, 37.91),
(896, 138, 7, 9, 29.75),
(897, 139, 11, 6, 26.25),
(898, 139, 1, 6, 30.31),
(899, 139, 3, 10, 19.90),
(900, 139, 8, 2, 51.00),
(901, 139, 5, 8, 23.31),
(902, 140, 7, 9, 29.75),
(903, 140, 9, 7, 28.00),
(904, 141, 3, 3, 19.90),
(905, 141, 8, 2, 51.00),
(906, 141, 10, 2, 36.00),
(907, 141, 12, 1, 39.00),
(908, 141, 7, 8, 29.75),
(909, 141, 5, 8, 23.31),
(910, 141, 6, 2, 37.91),
(911, 141, 1, 8, 30.31),
(912, 141, 9, 10, 28.00),
(913, 141, 11, 8, 26.25),
(914, 141, 2, 6, 19.90),
(915, 141, 4, 7, 39.90),
(916, 142, 2, 11, 19.90),
(917, 142, 12, 8, 39.00),
(918, 142, 1, 6, 30.31),
(919, 142, 9, 7, 28.00),
(920, 142, 10, 5, 36.00),
(921, 143, 11, 7, 26.25),
(922, 143, 4, 7, 39.90),
(923, 143, 3, 4, 19.90),
(924, 143, 12, 7, 39.00),
(925, 143, 7, 4, 29.75),
(926, 144, 2, 2, 19.90),
(927, 144, 5, 5, 23.31),
(928, 144, 1, 6, 30.31),
(929, 144, 11, 4, 26.25),
(930, 144, 7, 10, 29.75),
(931, 144, 12, 10, 39.00),
(932, 144, 9, 7, 28.00),
(933, 144, 6, 4, 37.91),
(934, 145, 3, 10, 19.90),
(935, 145, 5, 4, 23.31),
(936, 145, 12, 8, 39.00),
(937, 145, 8, 10, 51.00),
(938, 145, 11, 2, 26.25),
(939, 145, 6, 1, 37.91),
(940, 145, 9, 9, 28.00),
(941, 145, 4, 9, 39.90),
(942, 145, 1, 8, 30.31),
(943, 146, 5, 2, 23.31),
(944, 146, 1, 10, 30.31),
(945, 146, 12, 10, 39.00),
(946, 146, 11, 2, 26.25),
(947, 147, 1, 1, 30.31),
(948, 147, 2, 8, 19.90),
(949, 147, 5, 4, 23.31),
(950, 147, 3, 8, 19.90),
(951, 147, 4, 4, 39.90),
(952, 147, 10, 6, 36.00),
(953, 147, 12, 9, 39.00),
(954, 147, 8, 5, 51.00),
(955, 148, 5, 9, 23.31),
(956, 148, 9, 4, 28.00),
(957, 148, 11, 3, 26.25),
(958, 148, 1, 10, 30.31),
(959, 148, 10, 9, 36.00),
(960, 148, 2, 5, 19.90),
(961, 148, 7, 8, 29.75),
(962, 149, 1, 4, 30.31),
(963, 149, 12, 5, 39.00),
(964, 149, 10, 2, 36.00),
(965, 150, 3, 6, 19.90),
(966, 150, 12, 2, 39.00),
(967, 150, 6, 3, 37.91),
(968, 150, 9, 8, 28.00),
(969, 150, 7, 9, 29.75),
(970, 150, 4, 9, 39.90),
(971, 151, 12, 6, 39.00),
(972, 151, 7, 8, 29.75),
(973, 151, 3, 7, 19.90),
(974, 151, 5, 4, 23.31),
(975, 151, 6, 5, 37.91),
(976, 151, 2, 4, 19.90),
(977, 151, 1, 5, 30.31),
(978, 151, 10, 9, 36.00),
(979, 152, 5, 11, 23.31),
(980, 152, 1, 2, 30.31),
(981, 152, 2, 9, 19.90),
(982, 152, 12, 4, 39.00),
(983, 152, 8, 4, 51.00),
(984, 152, 6, 7, 37.91),
(985, 152, 9, 3, 28.00),
(986, 152, 4, 4, 39.90),
(987, 152, 3, 7, 19.90),
(988, 152, 7, 3, 29.75),
(989, 152, 11, 4, 26.25),
(990, 152, 10, 10, 36.00),
(991, 153, 12, 3, 39.00),
(992, 153, 3, 6, 19.90),
(993, 153, 2, 3, 19.90),
(994, 153, 10, 6, 36.00),
(995, 153, 4, 11, 39.90),
(996, 153, 8, 3, 51.00),
(997, 153, 9, 11, 28.00),
(998, 154, 10, 4, 36.00),
(999, 154, 1, 3, 30.31),
(1000, 154, 12, 2, 39.00),
(1001, 154, 8, 9, 51.00),
(1002, 154, 7, 6, 29.75),
(1003, 154, 3, 4, 19.90),
(1004, 155, 11, 4, 26.25),
(1005, 155, 3, 7, 19.90),
(1006, 155, 10, 5, 36.00),
(1007, 155, 2, 3, 19.90),
(1008, 155, 6, 7, 37.91),
(1009, 155, 5, 5, 23.31),
(1010, 155, 4, 4, 39.90),
(1011, 155, 8, 4, 51.00),
(1012, 155, 9, 7, 28.00),
(1013, 155, 7, 3, 29.75),
(1014, 155, 1, 1, 30.31),
(1015, 155, 12, 6, 39.00),
(1016, 156, 4, 4, 39.90),
(1017, 156, 12, 4, 39.00),
(1018, 156, 3, 6, 19.90),
(1019, 156, 9, 9, 28.00),
(1020, 156, 6, 5, 37.91),
(1021, 156, 8, 9, 51.00),
(1022, 157, 12, 11, 39.00),
(1023, 157, 2, 7, 19.90),
(1024, 157, 4, 3, 39.90),
(1025, 157, 9, 11, 28.00),
(1026, 157, 8, 5, 51.00),
(1027, 157, 6, 11, 37.91),
(1028, 157, 11, 8, 26.25),
(1029, 158, 11, 9, 26.25),
(1030, 158, 9, 8, 28.00),
(1031, 158, 1, 1, 30.31),
(1032, 158, 7, 1, 29.75),
(1033, 158, 4, 2, 39.90),
(1034, 158, 6, 6, 37.91),
(1035, 158, 5, 3, 23.31),
(1036, 158, 2, 3, 19.90),
(1037, 159, 1, 5, 30.31),
(1038, 159, 6, 7, 37.91),
(1039, 159, 9, 11, 28.00),
(1040, 159, 2, 1, 19.90),
(1041, 159, 7, 2, 29.75),
(1042, 159, 3, 4, 19.90),
(1043, 159, 8, 5, 51.00),
(1044, 159, 12, 3, 39.00),
(1045, 159, 5, 9, 23.31),
(1046, 159, 10, 3, 36.00),
(1047, 160, 11, 9, 26.25),
(1048, 160, 1, 9, 30.31),
(1049, 160, 8, 4, 51.00),
(1050, 160, 12, 1, 39.00),
(1051, 160, 6, 5, 37.91),
(1052, 160, 7, 10, 29.75),
(1053, 160, 9, 5, 28.00),
(1054, 161, 11, 6, 26.25),
(1055, 161, 1, 8, 30.31),
(1056, 162, 11, 2, 26.25),
(1057, 163, 10, 8, 36.00),
(1058, 163, 12, 10, 39.00),
(1059, 163, 9, 4, 28.00),
(1060, 163, 7, 9, 29.75),
(1061, 163, 11, 11, 26.25),
(1062, 163, 1, 7, 30.31),
(1063, 163, 5, 2, 23.31),
(1064, 163, 6, 7, 37.91),
(1065, 163, 8, 7, 51.00),
(1066, 163, 4, 3, 39.90),
(1067, 164, 2, 10, 19.90),
(1068, 164, 12, 6, 39.00),
(1069, 164, 11, 7, 26.25),
(1070, 165, 1, 3, 30.31),
(1071, 165, 2, 5, 19.90),
(1072, 165, 8, 5, 51.00),
(1073, 165, 7, 9, 29.75),
(1074, 165, 4, 8, 39.90),
(1075, 165, 9, 11, 28.00),
(1076, 165, 6, 11, 37.91),
(1077, 166, 6, 1, 37.91),
(1078, 166, 3, 2, 19.90),
(1079, 166, 10, 5, 36.00),
(1080, 166, 9, 7, 28.00),
(1081, 166, 2, 9, 19.90),
(1082, 166, 5, 4, 23.31),
(1083, 166, 7, 4, 29.75),
(1084, 166, 11, 3, 26.25),
(1085, 166, 4, 4, 39.90),
(1086, 166, 8, 2, 51.00),
(1087, 166, 12, 4, 39.00),
(1088, 166, 1, 4, 30.31),
(1089, 167, 12, 2, 39.00),
(1090, 167, 4, 3, 39.90),
(1091, 167, 1, 10, 30.31),
(1092, 167, 8, 10, 51.00),
(1093, 167, 10, 8, 36.00),
(1094, 168, 8, 4, 51.00),
(1095, 168, 3, 3, 19.90),
(1096, 168, 9, 3, 28.00),
(1097, 168, 11, 5, 26.25),
(1098, 168, 12, 4, 39.00),
(1099, 168, 4, 5, 39.90),
(1100, 168, 6, 10, 37.91),
(1101, 168, 7, 5, 29.75),
(1102, 168, 5, 6, 23.31),
(1103, 169, 9, 9, 28.00),
(1104, 170, 5, 2, 23.31),
(1105, 170, 10, 7, 36.00),
(1106, 170, 8, 5, 51.00),
(1107, 170, 7, 4, 29.75),
(1108, 170, 4, 2, 39.90),
(1109, 170, 3, 9, 19.90),
(1110, 171, 4, 9, 39.90),
(1111, 171, 12, 9, 39.00),
(1112, 171, 8, 6, 51.00),
(1113, 171, 9, 3, 28.00),
(1114, 171, 6, 6, 37.91),
(1115, 171, 11, 10, 26.25),
(1116, 171, 10, 11, 36.00),
(1117, 171, 5, 4, 23.31),
(1118, 171, 7, 5, 29.75),
(1119, 171, 3, 3, 19.90),
(1120, 171, 1, 9, 30.31),
(1121, 172, 11, 10, 26.25),
(1122, 172, 12, 5, 39.00),
(1123, 172, 6, 5, 37.91),
(1124, 173, 3, 5, 19.90),
(1125, 173, 4, 1, 39.90),
(1126, 173, 12, 10, 39.00),
(1127, 173, 10, 7, 36.00),
(1128, 173, 7, 3, 29.75),
(1129, 173, 1, 2, 30.31),
(1130, 173, 6, 2, 37.91),
(1131, 173, 9, 2, 28.00),
(1132, 173, 11, 1, 26.25),
(1133, 173, 5, 11, 23.31),
(1134, 173, 8, 10, 51.00),
(1135, 173, 2, 4, 19.90),
(1136, 174, 9, 10, 28.00),
(1137, 174, 12, 9, 39.00),
(1138, 174, 10, 5, 36.00),
(1139, 174, 8, 8, 51.00),
(1140, 174, 5, 2, 23.31),
(1141, 174, 6, 5, 37.91),
(1142, 174, 4, 11, 39.90),
(1143, 174, 3, 6, 19.90),
(1144, 174, 7, 7, 29.75),
(1145, 174, 2, 5, 19.90),
(1146, 174, 11, 3, 26.25),
(1147, 174, 1, 9, 30.31),
(1148, 175, 11, 2, 26.25),
(1149, 175, 2, 10, 19.90),
(1150, 175, 9, 5, 28.00),
(1151, 175, 8, 3, 51.00),
(1152, 175, 10, 8, 36.00),
(1153, 175, 4, 11, 39.90),
(1154, 176, 3, 8, 19.90),
(1155, 176, 9, 8, 28.00),
(1156, 176, 4, 5, 39.90),
(1157, 176, 11, 10, 26.25),
(1158, 176, 10, 4, 36.00),
(1159, 176, 12, 8, 39.00),
(1160, 176, 1, 7, 30.31),
(1161, 176, 7, 11, 29.75),
(1162, 176, 2, 11, 19.90),
(1163, 177, 4, 9, 39.90),
(1164, 178, 8, 5, 51.00),
(1165, 178, 5, 7, 23.31),
(1166, 178, 3, 2, 19.90),
(1167, 178, 7, 8, 29.75),
(1168, 178, 9, 2, 28.00),
(1169, 178, 12, 7, 39.00),
(1170, 178, 1, 7, 30.31),
(1171, 179, 10, 9, 36.00),
(1172, 180, 10, 2, 36.00),
(1173, 180, 8, 2, 51.00),
(1174, 180, 12, 5, 39.00),
(1175, 180, 6, 7, 37.91),
(1176, 181, 4, 3, 39.90),
(1177, 181, 9, 2, 28.00),
(1178, 181, 12, 3, 39.00),
(1179, 181, 1, 8, 30.31),
(1180, 181, 11, 1, 26.25),
(1181, 181, 6, 9, 37.91),
(1182, 181, 5, 3, 23.31),
(1183, 181, 3, 4, 19.90),
(1184, 181, 8, 3, 51.00),
(1185, 181, 10, 1, 36.00),
(1186, 182, 6, 4, 37.91),
(1187, 182, 8, 10, 51.00),
(1188, 182, 1, 5, 30.31),
(1189, 182, 5, 5, 23.31),
(1190, 182, 2, 10, 19.90),
(1191, 182, 10, 2, 36.00),
(1192, 183, 11, 7, 26.25),
(1193, 183, 5, 2, 23.31),
(1194, 183, 10, 1, 36.00),
(1195, 183, 2, 7, 19.90),
(1196, 183, 7, 2, 29.75),
(1197, 183, 12, 7, 39.00),
(1198, 183, 3, 7, 19.90),
(1199, 183, 9, 5, 28.00),
(1200, 183, 6, 3, 37.91),
(1201, 183, 8, 9, 51.00),
(1202, 183, 1, 6, 30.31),
(1203, 184, 5, 4, 23.31),
(1204, 184, 11, 10, 26.25),
(1205, 184, 10, 5, 36.00),
(1206, 184, 4, 7, 39.90),
(1207, 184, 9, 6, 28.00),
(1208, 184, 6, 7, 37.91),
(1209, 184, 2, 7, 19.90),
(1210, 184, 1, 3, 30.31),
(1211, 184, 8, 1, 51.00),
(1212, 184, 3, 7, 19.90),
(1213, 184, 7, 2, 29.75),
(1214, 184, 12, 5, 39.00),
(1215, 185, 7, 8, 29.75),
(1216, 186, 11, 5, 26.25),
(1217, 186, 6, 9, 37.91),
(1218, 186, 5, 10, 23.31),
(1219, 187, 8, 6, 51.00),
(1220, 187, 11, 5, 26.25),
(1221, 188, 5, 2, 23.31),
(1222, 188, 1, 2, 30.31),
(1223, 188, 7, 5, 29.75),
(1224, 188, 8, 6, 51.00),
(1225, 188, 11, 3, 26.25),
(1226, 188, 12, 7, 39.00),
(1227, 189, 11, 4, 26.25),
(1228, 189, 12, 4, 39.00),
(1229, 189, 2, 6, 19.90),
(1230, 189, 10, 6, 36.00),
(1231, 189, 7, 3, 29.75),
(1232, 189, 6, 5, 37.91),
(1233, 190, 12, 3, 39.00),
(1234, 190, 10, 9, 36.00),
(1235, 190, 5, 5, 23.31),
(1236, 190, 6, 5, 37.91),
(1237, 191, 1, 8, 30.31),
(1238, 191, 12, 4, 39.00),
(1239, 191, 10, 2, 36.00),
(1240, 191, 9, 7, 28.00),
(1241, 191, 8, 8, 51.00),
(1242, 191, 11, 9, 26.25),
(1243, 191, 7, 9, 29.75),
(1244, 191, 5, 8, 23.31),
(1245, 191, 6, 3, 37.91),
(1246, 191, 3, 9, 19.90),
(1247, 191, 2, 4, 19.90),
(1248, 192, 2, 5, 19.90),
(1249, 192, 12, 10, 39.00),
(1250, 192, 9, 2, 28.00),
(1251, 192, 5, 1, 23.31),
(1252, 193, 2, 7, 19.90),
(1253, 193, 8, 3, 51.00),
(1254, 193, 5, 2, 23.31),
(1255, 193, 1, 3, 30.31),
(1256, 193, 7, 7, 29.75),
(1257, 193, 11, 5, 26.25),
(1258, 193, 9, 4, 28.00),
(1259, 193, 4, 4, 39.90),
(1260, 194, 6, 8, 37.91),
(1261, 194, 5, 7, 23.31),
(1262, 194, 10, 10, 36.00),
(1263, 194, 2, 10, 19.90),
(1264, 194, 1, 7, 30.31),
(1265, 194, 3, 5, 19.90),
(1266, 195, 10, 7, 36.00),
(1267, 195, 9, 3, 28.00),
(1268, 195, 8, 3, 51.00),
(1269, 195, 11, 5, 26.25),
(1270, 195, 2, 4, 19.90),
(1271, 195, 4, 6, 39.90),
(1272, 195, 3, 6, 19.90),
(1273, 195, 7, 10, 29.75),
(1274, 195, 12, 3, 39.00),
(1275, 195, 5, 4, 23.31),
(1276, 195, 1, 10, 30.31),
(1277, 195, 6, 5, 37.91),
(1278, 196, 4, 8, 39.90),
(1279, 196, 8, 8, 51.00),
(1280, 196, 10, 3, 36.00),
(1281, 196, 9, 1, 28.00),
(1282, 196, 12, 5, 39.00),
(1283, 197, 2, 6, 19.90),
(1284, 197, 1, 8, 30.31),
(1285, 198, 7, 1, 29.75),
(1286, 198, 1, 5, 30.31),
(1287, 198, 6, 9, 37.91),
(1288, 198, 10, 1, 36.00),
(1289, 199, 10, 3, 36.00),
(1290, 199, 2, 8, 19.90),
(1291, 199, 4, 9, 39.90),
(1292, 199, 11, 8, 26.25),
(1293, 199, 1, 4, 30.31),
(1294, 199, 7, 6, 29.75),
(1295, 199, 12, 6, 39.00),
(1296, 199, 9, 2, 28.00),
(1297, 199, 3, 10, 19.90),
(1298, 200, 7, 4, 29.75),
(1299, 200, 2, 4, 19.90),
(1300, 200, 12, 6, 39.00),
(1301, 200, 3, 9, 19.90),
(1302, 201, 1, 7, 30.31),
(1303, 201, 6, 1, 37.91),
(1304, 201, 10, 6, 36.00),
(1305, 201, 4, 3, 39.90),
(1306, 201, 11, 9, 26.25),
(1307, 201, 9, 4, 28.00),
(1308, 201, 7, 11, 29.75),
(1309, 202, 1, 1, 30.31),
(1310, 202, 4, 6, 39.90),
(1311, 202, 7, 2, 29.75),
(1312, 202, 11, 4, 26.25),
(1313, 202, 5, 4, 23.31),
(1314, 202, 2, 5, 19.90),
(1315, 202, 9, 1, 28.00),
(1316, 202, 12, 11, 39.00),
(1317, 202, 3, 9, 19.90),
(1318, 202, 6, 4, 37.91),
(1319, 202, 8, 9, 51.00),
(1320, 202, 10, 3, 36.00),
(1321, 203, 11, 9, 26.25),
(1322, 203, 9, 6, 28.00),
(1323, 203, 8, 3, 51.00),
(1324, 203, 5, 8, 23.31),
(1325, 203, 2, 6, 19.90),
(1326, 203, 3, 8, 19.90),
(1327, 203, 1, 9, 30.31),
(1328, 203, 6, 10, 37.91),
(1329, 204, 5, 10, 23.31),
(1330, 204, 7, 11, 29.75),
(1331, 204, 3, 3, 19.90),
(1332, 204, 1, 4, 30.31),
(1333, 204, 9, 8, 28.00),
(1334, 204, 4, 7, 39.90),
(1335, 204, 8, 10, 51.00),
(1336, 204, 10, 10, 36.00),
(1337, 204, 6, 8, 37.91),
(1338, 204, 11, 10, 26.25),
(1339, 204, 12, 3, 39.00),
(1340, 204, 2, 6, 19.90),
(1341, 205, 1, 6, 30.31),
(1342, 205, 8, 9, 51.00),
(1343, 205, 2, 6, 19.90),
(1344, 205, 6, 2, 37.91),
(1345, 205, 4, 9, 39.90),
(1346, 205, 7, 9, 29.75),
(1347, 205, 9, 7, 28.00),
(1348, 205, 11, 7, 26.25),
(1349, 205, 3, 3, 19.90),
(1350, 206, 8, 4, 51.00),
(1351, 206, 7, 3, 29.75),
(1352, 206, 12, 11, 39.00),
(1353, 206, 6, 6, 37.91),
(1354, 206, 1, 4, 30.31),
(1355, 207, 7, 8, 29.75),
(1356, 207, 2, 9, 19.90),
(1357, 207, 11, 11, 26.25),
(1358, 208, 11, 9, 26.25),
(1359, 208, 3, 8, 19.90),
(1360, 208, 10, 4, 36.00),
(1361, 208, 8, 4, 51.00),
(1362, 208, 4, 9, 39.90),
(1363, 209, 4, 2, 39.90),
(1364, 209, 12, 5, 39.00),
(1365, 209, 2, 6, 19.90),
(1366, 209, 3, 7, 19.90),
(1367, 209, 7, 4, 29.75),
(1368, 209, 8, 9, 51.00),
(1369, 209, 5, 4, 23.31),
(1370, 209, 1, 9, 30.31),
(1371, 209, 10, 2, 36.00),
(1372, 209, 6, 3, 37.91),
(1373, 209, 11, 7, 26.25),
(1374, 209, 9, 5, 28.00),
(1375, 210, 10, 7, 36.00),
(1376, 210, 8, 9, 51.00),
(1377, 210, 7, 3, 29.75),
(1378, 210, 11, 9, 26.25),
(1379, 211, 6, 3, 37.91),
(1380, 211, 1, 1, 30.31),
(1381, 212, 10, 10, 36.00),
(1382, 212, 12, 3, 39.00),
(1383, 212, 9, 2, 28.00),
(1384, 212, 4, 2, 39.90),
(1385, 212, 5, 11, 23.31),
(1386, 212, 7, 7, 29.75),
(1387, 212, 3, 3, 19.90),
(1388, 212, 8, 3, 51.00),
(1389, 213, 3, 7, 19.90),
(1390, 213, 10, 2, 36.00),
(1391, 213, 8, 7, 51.00),
(1392, 214, 8, 10, 51.00),
(1393, 214, 9, 8, 28.00),
(1394, 214, 11, 11, 26.25),
(1395, 214, 2, 9, 19.90),
(1396, 214, 10, 2, 36.00),
(1397, 214, 1, 1, 30.31),
(1398, 214, 6, 9, 37.91),
(1399, 214, 4, 2, 39.90),
(1400, 214, 3, 11, 19.90),
(1401, 214, 5, 7, 23.31),
(1402, 214, 12, 10, 39.00),
(1403, 215, 12, 3, 39.00),
(1404, 216, 6, 8, 37.91),
(1405, 216, 10, 8, 36.00),
(1406, 216, 2, 7, 19.90),
(1407, 216, 9, 7, 28.00),
(1408, 216, 11, 5, 26.25),
(1409, 216, 8, 2, 51.00),
(1410, 216, 5, 4, 23.31),
(1411, 216, 1, 5, 30.31),
(1412, 216, 3, 2, 19.90),
(1413, 216, 4, 2, 39.90),
(1414, 216, 12, 3, 39.00),
(1415, 217, 8, 2, 51.00),
(1416, 217, 12, 4, 39.00),
(1417, 217, 11, 2, 26.25),
(1418, 217, 10, 8, 36.00),
(1419, 217, 5, 3, 23.31),
(1420, 217, 3, 9, 19.90),
(1421, 217, 7, 5, 29.75),
(1422, 218, 3, 1, 19.90),
(1423, 218, 5, 2, 23.31),
(1424, 218, 7, 5, 29.75),
(1425, 218, 4, 10, 39.90),
(1426, 218, 8, 3, 51.00),
(1427, 218, 11, 5, 26.25),
(1428, 218, 9, 5, 28.00),
(1429, 218, 2, 8, 19.90),
(1430, 218, 10, 6, 36.00),
(1431, 218, 1, 3, 30.31),
(1432, 218, 6, 5, 37.91),
(1433, 219, 9, 7, 28.00),
(1434, 219, 4, 5, 39.90),
(1435, 219, 11, 5, 26.25),
(1436, 219, 12, 5, 39.00),
(1437, 219, 8, 11, 51.00),
(1438, 219, 2, 9, 19.90),
(1439, 220, 6, 10, 37.91),
(1440, 220, 4, 9, 39.90),
(1441, 220, 9, 6, 28.00),
(1442, 220, 3, 11, 19.90),
(1443, 220, 5, 5, 23.31),
(1444, 220, 12, 3, 39.00),
(1445, 220, 7, 7, 29.75),
(1446, 220, 2, 4, 19.90),
(1447, 220, 1, 10, 30.31),
(1448, 220, 8, 8, 51.00),
(1449, 221, 5, 4, 23.31),
(1450, 221, 11, 7, 26.25),
(1451, 221, 1, 1, 30.31),
(1452, 221, 6, 6, 37.91),
(1453, 221, 3, 3, 19.90),
(1454, 221, 7, 6, 29.75),
(1455, 221, 8, 2, 51.00),
(1456, 221, 4, 8, 39.90),
(1457, 222, 10, 2, 36.00),
(1458, 222, 7, 6, 29.75),
(1459, 222, 1, 11, 30.31),
(1460, 222, 3, 6, 19.90),
(1461, 222, 6, 6, 37.91),
(1462, 222, 9, 1, 28.00),
(1463, 223, 9, 5, 28.00),
(1464, 223, 3, 4, 19.90),
(1465, 223, 12, 2, 39.00),
(1466, 223, 8, 11, 51.00),
(1467, 223, 7, 4, 29.75),
(1468, 223, 5, 9, 23.31),
(1469, 223, 10, 2, 36.00),
(1470, 223, 1, 11, 30.31),
(1471, 223, 2, 8, 19.90),
(1472, 224, 12, 7, 39.00),
(1473, 224, 10, 8, 36.00),
(1474, 224, 6, 10, 37.91),
(1475, 224, 9, 3, 28.00),
(1476, 224, 4, 6, 39.90),
(1477, 225, 11, 8, 26.25),
(1478, 225, 2, 10, 19.90),
(1479, 225, 7, 5, 29.75),
(1480, 225, 3, 6, 19.90),
(1481, 225, 1, 4, 30.31),
(1482, 225, 6, 8, 37.91),
(1483, 225, 8, 10, 51.00),
(1484, 225, 10, 3, 36.00),
(1485, 225, 9, 4, 28.00),
(1486, 225, 12, 1, 39.00),
(1487, 226, 6, 9, 37.91),
(1488, 227, 2, 9, 19.90),
(1489, 227, 3, 5, 19.90),
(1490, 227, 7, 6, 29.75),
(1491, 227, 12, 5, 39.00),
(1492, 227, 10, 4, 36.00),
(1493, 227, 6, 6, 37.91),
(1494, 228, 6, 11, 37.91),
(1495, 228, 12, 6, 39.00),
(1496, 228, 11, 5, 26.25),
(1497, 228, 2, 7, 19.90),
(1498, 228, 10, 10, 36.00),
(1499, 228, 3, 7, 19.90),
(1500, 229, 8, 6, 51.00),
(1501, 229, 5, 8, 23.31),
(1502, 229, 11, 2, 26.25),
(1503, 229, 10, 7, 36.00),
(1504, 230, 2, 5, 19.90),
(1505, 230, 4, 8, 39.90),
(1506, 230, 12, 5, 39.00),
(1507, 230, 1, 9, 30.31),
(1508, 230, 6, 8, 37.91),
(1509, 230, 11, 1, 26.25),
(1510, 231, 6, 8, 37.91),
(1511, 231, 7, 3, 29.75),
(1512, 232, 8, 10, 51.00),
(1513, 233, 8, 4, 51.00),
(1514, 233, 11, 9, 26.25),
(1515, 233, 6, 5, 37.91),
(1516, 233, 10, 4, 36.00),
(1517, 233, 1, 4, 30.31),
(1518, 233, 12, 8, 39.00),
(1519, 234, 8, 7, 51.00),
(1520, 234, 10, 1, 36.00),
(1521, 234, 6, 3, 37.91),
(1522, 234, 12, 9, 39.00),
(1523, 234, 11, 4, 26.25),
(1524, 235, 3, 6, 19.90),
(1525, 235, 2, 4, 19.90),
(1526, 235, 8, 4, 51.00),
(1527, 235, 9, 6, 28.00),
(1528, 235, 5, 7, 23.31),
(1529, 236, 12, 5, 39.00),
(1530, 236, 9, 10, 28.00),
(1531, 236, 4, 3, 39.90),
(1532, 236, 1, 5, 30.31),
(1533, 236, 8, 5, 51.00),
(1534, 236, 10, 8, 36.00),
(1535, 237, 3, 3, 19.90),
(1536, 237, 12, 7, 39.00),
(1537, 237, 4, 3, 39.90),
(1538, 237, 5, 3, 23.31),
(1539, 237, 10, 5, 36.00),
(1540, 237, 11, 6, 26.25),
(1541, 238, 2, 8, 19.90),
(1542, 238, 10, 10, 36.00),
(1543, 238, 3, 2, 19.90),
(1544, 238, 9, 11, 28.00),
(1545, 238, 8, 7, 51.00),
(1546, 238, 5, 3, 23.31),
(1547, 239, 8, 10, 51.00),
(1548, 240, 12, 10, 39.00),
(1549, 240, 9, 2, 28.00),
(1550, 240, 10, 1, 36.00),
(1551, 240, 1, 9, 30.31),
(1552, 240, 5, 9, 23.31),
(1553, 240, 11, 8, 26.25),
(1554, 240, 2, 2, 19.90),
(1555, 240, 6, 6, 37.91),
(1556, 240, 8, 11, 51.00),
(1557, 240, 4, 5, 39.90),
(1558, 240, 7, 11, 29.75),
(1559, 241, 4, 3, 39.90),
(1560, 241, 3, 1, 19.90),
(1561, 241, 1, 7, 30.31),
(1562, 241, 8, 9, 51.00),
(1563, 241, 12, 4, 39.00),
(1564, 241, 5, 2, 23.31),
(1565, 241, 11, 7, 26.25),
(1566, 241, 2, 8, 19.90),
(1567, 241, 9, 9, 28.00),
(1568, 241, 7, 11, 29.75),
(1569, 241, 10, 5, 36.00),
(1570, 242, 11, 2, 26.25),
(1571, 242, 7, 3, 29.75),
(1572, 243, 3, 6, 19.90),
(1573, 243, 2, 3, 19.90),
(1574, 243, 9, 5, 28.00),
(1575, 243, 5, 5, 23.31),
(1576, 243, 11, 10, 26.25),
(1577, 243, 10, 5, 36.00),
(1578, 243, 1, 3, 30.31),
(1579, 243, 4, 7, 39.90),
(1580, 244, 10, 6, 36.00),
(1581, 244, 9, 3, 28.00),
(1582, 244, 11, 5, 26.25),
(1583, 244, 8, 8, 51.00),
(1584, 244, 4, 3, 39.90),
(1585, 244, 12, 10, 39.00),
(1586, 244, 2, 8, 19.90),
(1587, 244, 5, 10, 23.31),
(1588, 244, 1, 5, 30.31),
(1589, 245, 9, 3, 28.00),
(1590, 245, 2, 5, 19.90),
(1591, 246, 9, 10, 28.00),
(1592, 246, 1, 5, 30.31),
(1593, 246, 2, 3, 19.90),
(1594, 246, 11, 9, 26.25),
(1595, 246, 12, 5, 39.00),
(1596, 246, 10, 6, 36.00),
(1597, 246, 8, 3, 51.00),
(1598, 246, 6, 7, 37.91),
(1599, 246, 4, 5, 39.90),
(1600, 247, 11, 5, 26.25),
(1601, 247, 1, 3, 30.31),
(1602, 247, 10, 10, 36.00),
(1603, 247, 12, 11, 39.00),
(1604, 248, 6, 4, 37.91),
(1605, 249, 9, 7, 28.00),
(1606, 249, 12, 10, 39.00),
(1607, 249, 10, 5, 36.00),
(1608, 249, 4, 4, 39.90),
(1609, 249, 8, 6, 51.00),
(1610, 249, 7, 7, 29.75),
(1611, 249, 11, 4, 26.25),
(1612, 249, 3, 11, 19.90),
(1613, 249, 5, 10, 23.31),
(1614, 249, 1, 8, 30.31),
(1615, 249, 6, 10, 37.91),
(1616, 249, 2, 4, 19.90),
(1617, 250, 3, 9, 19.90),
(1618, 250, 9, 5, 28.00),
(1619, 250, 2, 8, 19.90),
(1620, 250, 6, 3, 37.91),
(1621, 250, 7, 8, 29.75),
(1622, 250, 12, 3, 39.00),
(1623, 250, 8, 7, 51.00),
(1624, 250, 10, 8, 36.00),
(1625, 251, 1, 7, 30.31),
(1626, 251, 10, 5, 36.00),
(1627, 251, 4, 1, 39.90),
(1628, 251, 3, 10, 19.90),
(1629, 251, 8, 7, 51.00),
(1630, 251, 9, 3, 28.00),
(1631, 252, 1, 4, 30.31),
(1632, 252, 3, 5, 19.90),
(1633, 253, 1, 4, 30.31),
(1634, 253, 8, 5, 51.00),
(1635, 253, 10, 3, 36.00),
(1636, 253, 5, 7, 23.31),
(1637, 254, 12, 8, 39.00),
(1638, 254, 9, 4, 28.00),
(1639, 254, 6, 4, 37.91),
(1640, 254, 10, 9, 36.00),
(1641, 254, 2, 10, 19.90),
(1642, 254, 1, 2, 30.31),
(1643, 254, 7, 9, 29.75),
(1644, 254, 11, 10, 26.25),
(1645, 254, 3, 1, 19.90),
(1646, 255, 5, 8, 23.31),
(1647, 255, 6, 10, 37.91),
(1648, 255, 9, 7, 28.00),
(1649, 255, 10, 2, 36.00),
(1650, 255, 2, 11, 19.90),
(1651, 256, 2, 11, 19.90),
(1652, 256, 8, 4, 51.00),
(1653, 256, 6, 7, 37.91),
(1654, 256, 4, 2, 39.90),
(1655, 256, 12, 7, 39.00),
(1656, 256, 1, 10, 30.31),
(1657, 257, 11, 2, 26.25),
(1658, 257, 2, 6, 19.90),
(1659, 257, 3, 4, 19.90),
(1660, 257, 5, 10, 23.31),
(1661, 257, 6, 8, 37.91),
(1662, 257, 9, 7, 28.00),
(1663, 258, 11, 6, 26.25),
(1664, 258, 8, 5, 51.00),
(1665, 259, 12, 2, 39.00),
(1666, 259, 8, 8, 51.00),
(1667, 259, 1, 2, 30.31),
(1668, 259, 10, 4, 36.00),
(1669, 260, 9, 1, 28.00),
(1670, 260, 2, 5, 19.90),
(1671, 261, 10, 8, 36.00),
(1672, 261, 11, 6, 26.25),
(1673, 261, 5, 8, 23.31),
(1674, 262, 5, 3, 23.31),
(1675, 262, 3, 8, 19.90),
(1676, 262, 4, 9, 39.90),
(1677, 262, 6, 9, 37.91),
(1678, 262, 12, 9, 39.00),
(1679, 262, 8, 6, 51.00),
(1680, 262, 7, 2, 29.75),
(1681, 262, 1, 11, 30.31),
(1682, 262, 2, 6, 19.90),
(1683, 263, 3, 9, 19.90),
(1684, 263, 7, 7, 29.75),
(1685, 263, 2, 7, 19.90),
(1686, 263, 1, 5, 30.31),
(1687, 263, 12, 2, 39.00),
(1688, 263, 9, 6, 28.00),
(1689, 263, 11, 10, 26.25),
(1690, 263, 5, 1, 23.31),
(1691, 263, 8, 7, 51.00),
(1692, 263, 10, 8, 36.00),
(1693, 264, 2, 3, 19.90),
(1694, 265, 4, 4, 39.90),
(1695, 265, 6, 3, 37.91),
(1696, 265, 11, 10, 26.25),
(1697, 265, 10, 2, 36.00),
(1698, 266, 6, 5, 37.91),
(1699, 266, 10, 8, 36.00),
(1700, 266, 3, 5, 19.90),
(1701, 266, 11, 10, 26.25),
(1702, 266, 9, 6, 28.00),
(1703, 266, 8, 7, 51.00),
(1704, 266, 1, 8, 30.31),
(1705, 266, 12, 7, 39.00),
(1706, 266, 2, 8, 19.90),
(1707, 267, 9, 4, 28.00),
(1708, 268, 8, 9, 51.00),
(1709, 268, 11, 4, 26.25),
(1710, 269, 12, 3, 39.00),
(1711, 269, 6, 2, 37.91),
(1712, 270, 7, 8, 29.75),
(1713, 270, 2, 7, 19.90),
(1714, 270, 11, 2, 26.25),
(1715, 270, 3, 5, 19.90),
(1716, 270, 9, 7, 28.00),
(1717, 270, 4, 2, 39.90),
(1718, 270, 12, 8, 39.00),
(1719, 270, 1, 4, 30.31),
(1720, 270, 10, 3, 36.00),
(1721, 270, 6, 5, 37.91),
(1722, 271, 8, 7, 51.00),
(1723, 271, 1, 7, 30.31),
(1724, 272, 5, 7, 23.31),
(1725, 272, 12, 7, 39.00),
(1726, 272, 7, 5, 29.75),
(1727, 272, 11, 3, 26.25),
(1728, 272, 9, 10, 28.00),
(1729, 272, 10, 9, 36.00),
(1730, 272, 2, 3, 19.90),
(1731, 272, 4, 6, 39.90),
(1732, 272, 3, 3, 19.90),
(1733, 272, 1, 3, 30.31),
(1734, 272, 6, 5, 37.91),
(1735, 273, 2, 11, 19.90),
(1736, 273, 4, 9, 39.90),
(1737, 273, 10, 9, 36.00),
(1738, 273, 6, 9, 37.91),
(1739, 273, 9, 5, 28.00),
(1740, 274, 6, 3, 37.91),
(1741, 274, 5, 6, 23.31),
(1742, 274, 7, 9, 29.75),
(1743, 274, 3, 8, 19.90),
(1744, 274, 4, 3, 39.90),
(1745, 274, 10, 7, 36.00),
(1746, 274, 1, 7, 30.31),
(1747, 274, 11, 4, 26.25),
(1748, 274, 8, 5, 51.00),
(1749, 274, 12, 5, 39.00),
(1750, 275, 6, 5, 37.91),
(1751, 275, 8, 9, 51.00),
(1752, 275, 2, 9, 19.90),
(1753, 275, 9, 7, 28.00),
(1754, 275, 1, 8, 30.31),
(1755, 275, 5, 6, 23.31),
(1756, 275, 4, 8, 39.90),
(1757, 275, 7, 9, 29.75),
(1758, 275, 10, 11, 36.00),
(1759, 276, 1, 4, 30.31),
(1760, 276, 9, 8, 28.00),
(1761, 276, 2, 9, 19.90),
(1762, 276, 3, 8, 19.90),
(1763, 276, 8, 1, 51.00),
(1764, 277, 11, 8, 26.25),
(1765, 277, 12, 9, 39.00),
(1766, 277, 7, 11, 29.75),
(1767, 278, 4, 9, 39.90),
(1768, 278, 8, 4, 51.00),
(1769, 278, 6, 10, 37.91),
(1770, 278, 10, 8, 36.00),
(1771, 278, 9, 10, 28.00),
(1772, 278, 11, 2, 26.25),
(1773, 279, 3, 9, 19.90),
(1774, 280, 4, 9, 39.90),
(1775, 281, 6, 9, 37.91),
(1776, 281, 4, 10, 39.90),
(1777, 281, 3, 2, 19.90),
(1778, 281, 8, 1, 51.00),
(1779, 281, 2, 8, 19.90),
(1780, 281, 12, 6, 39.00),
(1781, 281, 5, 3, 23.31),
(1782, 281, 9, 8, 28.00),
(1783, 281, 10, 8, 36.00),
(1784, 281, 7, 8, 29.75),
(1785, 281, 1, 3, 30.31),
(1786, 281, 11, 2, 26.25),
(1787, 282, 2, 6, 19.90),
(1788, 282, 5, 8, 23.31),
(1789, 282, 8, 4, 51.00),
(1790, 282, 4, 3, 39.90),
(1791, 282, 12, 1, 39.00),
(1792, 282, 3, 8, 19.90),
(1793, 282, 6, 3, 37.91),
(1794, 282, 10, 3, 36.00),
(1795, 282, 1, 4, 30.31),
(1796, 282, 11, 8, 26.25),
(1797, 283, 10, 7, 36.00),
(1798, 283, 8, 3, 51.00),
(1799, 283, 2, 5, 19.90),
(1800, 283, 11, 6, 26.25),
(1801, 283, 5, 1, 23.31),
(1802, 283, 3, 9, 19.90),
(1803, 283, 6, 11, 37.91),
(1804, 283, 7, 4, 29.75),
(1805, 283, 9, 8, 28.00),
(1806, 283, 4, 8, 39.90),
(1807, 284, 5, 6, 23.31),
(1808, 284, 2, 10, 19.90),
(1809, 284, 6, 8, 37.91),
(1810, 284, 11, 10, 26.25),
(1811, 284, 7, 5, 29.75),
(1812, 285, 7, 5, 29.75),
(1813, 285, 12, 6, 39.00),
(1814, 285, 5, 5, 23.31),
(1815, 285, 3, 7, 19.90),
(1816, 285, 10, 6, 36.00),
(1817, 285, 2, 10, 19.90),
(1818, 286, 2, 9, 19.90),
(1819, 286, 3, 3, 19.90),
(1820, 286, 1, 6, 30.31),
(1821, 286, 6, 10, 37.91),
(1822, 286, 8, 3, 51.00),
(1823, 286, 9, 5, 28.00),
(1824, 286, 7, 2, 29.75),
(1825, 286, 4, 5, 39.90),
(1826, 286, 12, 8, 39.00),
(1827, 286, 10, 5, 36.00),
(1828, 286, 5, 8, 23.31),
(1829, 286, 11, 5, 26.25),
(1830, 287, 10, 7, 36.00),
(1831, 287, 9, 5, 28.00),
(1832, 287, 11, 4, 26.25),
(1833, 287, 2, 5, 19.90),
(1834, 287, 12, 10, 39.00),
(1835, 287, 5, 6, 23.31),
(1836, 287, 6, 10, 37.91),
(1837, 287, 3, 1, 19.90),
(1838, 287, 4, 5, 39.90),
(1839, 287, 1, 9, 30.31),
(1840, 288, 11, 2, 26.25),
(1841, 289, 8, 5, 51.00),
(1842, 289, 7, 3, 29.75),
(1843, 289, 2, 10, 19.90),
(1844, 289, 6, 9, 37.91),
(1845, 289, 12, 4, 39.00),
(1846, 289, 11, 1, 26.25),
(1847, 289, 5, 4, 23.31),
(1848, 289, 10, 5, 36.00),
(1849, 289, 4, 11, 39.90),
(1850, 289, 1, 8, 30.31),
(1851, 289, 9, 7, 28.00),
(1852, 289, 3, 11, 19.90),
(1853, 290, 6, 4, 37.91),
(1854, 290, 4, 3, 39.90),
(1855, 291, 9, 8, 28.00),
(1856, 291, 4, 5, 39.90),
(1857, 291, 10, 3, 36.00),
(1858, 291, 7, 10, 29.75),
(1859, 292, 4, 7, 39.90),
(1860, 292, 5, 7, 23.31),
(1861, 292, 11, 4, 26.25),
(1862, 292, 2, 6, 19.90),
(1863, 292, 10, 7, 36.00),
(1864, 292, 3, 5, 19.90),
(1865, 292, 8, 5, 51.00),
(1866, 292, 7, 10, 29.75),
(1867, 292, 9, 3, 28.00),
(1868, 293, 8, 2, 51.00),
(1869, 293, 4, 4, 39.90),
(1870, 294, 8, 4, 51.00),
(1871, 294, 5, 8, 23.31),
(1872, 294, 1, 6, 30.31),
(1873, 294, 10, 3, 36.00),
(1874, 294, 7, 9, 29.75),
(1875, 294, 2, 6, 19.90),
(1876, 295, 10, 4, 36.00),
(1877, 296, 3, 6, 19.90),
(1878, 296, 11, 7, 26.25),
(1879, 296, 2, 7, 19.90),
(1880, 296, 8, 4, 51.00),
(1881, 296, 7, 8, 29.75),
(1882, 297, 8, 4, 51.00),
(1883, 297, 4, 6, 39.90),
(1884, 297, 1, 6, 30.31),
(1885, 297, 2, 10, 19.90),
(1886, 297, 3, 4, 19.90),
(1887, 297, 7, 6, 29.75),
(1888, 298, 4, 6, 39.90),
(1889, 298, 2, 9, 19.90),
(1890, 298, 12, 2, 39.00),
(1891, 298, 11, 5, 26.25),
(1892, 298, 10, 7, 36.00),
(1893, 298, 1, 7, 30.31),
(1894, 298, 7, 6, 29.75),
(1895, 298, 5, 7, 23.31),
(1896, 298, 8, 7, 51.00),
(1897, 298, 9, 2, 28.00),
(1898, 299, 3, 11, 19.90),
(1899, 299, 11, 4, 26.25),
(1900, 299, 4, 7, 39.90),
(1901, 299, 2, 1, 19.90),
(1902, 299, 9, 6, 28.00),
(1903, 299, 5, 3, 23.31),
(1904, 299, 10, 7, 36.00),
(1905, 299, 12, 3, 39.00),
(1906, 299, 7, 5, 29.75),
(1907, 299, 1, 3, 30.31),
(1908, 300, 8, 9, 51.00),
(1909, 301, 3, 4, 19.90),
(1910, 301, 8, 2, 51.00),
(1911, 301, 11, 8, 26.25),
(1912, 301, 12, 11, 39.00),
(1913, 301, 10, 9, 36.00),
(1914, 301, 7, 2, 29.75),
(1915, 301, 6, 10, 37.91),
(1916, 302, 6, 7, 37.91),
(1917, 302, 9, 7, 28.00),
(1918, 302, 10, 1, 36.00),
(1919, 302, 2, 5, 19.90),
(1920, 302, 3, 10, 19.90),
(1921, 302, 7, 3, 29.75),
(1922, 302, 12, 6, 39.00),
(1923, 303, 10, 2, 36.00),
(1924, 303, 7, 8, 29.75),
(1925, 303, 6, 10, 37.91),
(1926, 303, 2, 8, 19.90),
(1927, 303, 8, 7, 51.00),
(1928, 303, 3, 9, 19.90),
(1929, 303, 4, 5, 39.90),
(1930, 303, 5, 7, 23.31),
(1931, 303, 9, 8, 28.00),
(1932, 303, 1, 7, 30.31),
(1933, 304, 2, 5, 19.90),
(1934, 304, 8, 5, 51.00),
(1935, 305, 11, 2, 26.25),
(1936, 305, 9, 2, 28.00),
(1937, 305, 4, 3, 39.90),
(1938, 305, 2, 7, 19.90),
(1939, 305, 7, 5, 29.75),
(1940, 305, 12, 4, 39.00),
(1941, 305, 3, 4, 19.90),
(1942, 305, 8, 6, 51.00),
(1943, 305, 10, 7, 36.00),
(1944, 305, 1, 8, 30.31),
(1945, 306, 7, 9, 29.75),
(1946, 306, 3, 3, 19.90),
(1947, 306, 10, 5, 36.00),
(1948, 306, 8, 4, 51.00),
(1949, 306, 11, 6, 26.25),
(1950, 306, 6, 6, 37.91),
(1951, 306, 1, 10, 30.31),
(1952, 306, 5, 11, 23.31),
(1953, 306, 9, 4, 28.00),
(1954, 306, 12, 6, 39.00),
(1955, 307, 3, 5, 19.90),
(1956, 307, 1, 5, 30.31),
(1957, 307, 7, 7, 29.75),
(1958, 307, 10, 2, 36.00),
(1959, 307, 8, 7, 51.00),
(1960, 307, 2, 7, 19.90),
(1961, 307, 4, 2, 39.90),
(1962, 308, 1, 4, 30.31),
(1963, 308, 11, 7, 26.25),
(1964, 308, 2, 10, 19.90),
(1965, 308, 12, 1, 39.00),
(1966, 308, 8, 5, 51.00),
(1967, 308, 4, 10, 39.90),
(1968, 308, 6, 3, 37.91),
(1969, 308, 10, 5, 36.00),
(1970, 309, 4, 5, 39.90),
(1971, 309, 5, 7, 23.31),
(1972, 309, 3, 10, 19.90),
(1973, 309, 2, 8, 19.90),
(1974, 309, 11, 8, 26.25),
(1975, 309, 10, 6, 36.00),
(1976, 310, 3, 3, 19.90),
(1977, 310, 9, 3, 28.00),
(1978, 310, 5, 3, 23.31),
(1979, 310, 12, 6, 39.00),
(1980, 310, 7, 1, 29.75),
(1981, 310, 2, 7, 19.90),
(1982, 311, 11, 9, 26.25),
(1983, 311, 2, 1, 19.90),
(1984, 311, 3, 7, 19.90),
(1985, 311, 9, 3, 28.00),
(1986, 311, 1, 3, 30.31),
(1987, 311, 8, 4, 51.00),
(1988, 311, 6, 11, 37.91),
(1989, 311, 10, 1, 36.00),
(1990, 311, 5, 2, 23.31),
(1991, 311, 4, 6, 39.90),
(1992, 311, 7, 11, 29.75),
(1993, 312, 6, 2, 37.91),
(1994, 312, 9, 4, 28.00),
(1995, 312, 3, 2, 19.90),
(1996, 312, 10, 9, 36.00),
(1997, 312, 7, 6, 29.75),
(1998, 312, 5, 3, 23.31),
(1999, 312, 2, 7, 19.90),
(2000, 313, 9, 11, 28.00),
(2001, 313, 11, 7, 26.25),
(2002, 313, 6, 10, 37.91),
(2003, 313, 7, 10, 29.75),
(2004, 313, 12, 8, 39.00),
(2005, 314, 11, 6, 26.25),
(2006, 314, 2, 2, 19.90),
(2007, 314, 3, 2, 19.90),
(2008, 314, 9, 3, 28.00),
(2009, 314, 5, 9, 23.31),
(2010, 314, 10, 5, 36.00),
(2011, 314, 4, 8, 39.90),
(2012, 314, 6, 1, 37.91),
(2013, 314, 12, 3, 39.00),
(2014, 314, 7, 8, 29.75),
(2015, 315, 6, 7, 37.91),
(2016, 315, 7, 4, 29.75),
(2017, 315, 3, 6, 19.90),
(2018, 315, 11, 7, 26.25),
(2019, 315, 12, 6, 39.00),
(2020, 315, 5, 10, 23.31),
(2021, 315, 8, 11, 51.00),
(2022, 315, 1, 3, 30.31),
(2023, 315, 9, 11, 28.00),
(2024, 315, 2, 5, 19.90),
(2025, 315, 10, 1, 36.00),
(2026, 316, 1, 11, 30.31),
(2027, 316, 12, 1, 39.00),
(2028, 316, 10, 3, 36.00),
(2029, 316, 11, 2, 26.25),
(2030, 316, 5, 9, 23.31),
(2031, 316, 4, 9, 39.90),
(2032, 316, 2, 6, 19.90),
(2033, 316, 3, 1, 19.90),
(2034, 316, 9, 8, 28.00),
(2035, 316, 6, 5, 37.91),
(2036, 316, 7, 8, 29.75),
(2037, 317, 8, 9, 51.00),
(2038, 317, 6, 1, 37.91),
(2039, 317, 12, 9, 39.00),
(2040, 317, 7, 1, 29.75),
(2041, 317, 2, 8, 19.90),
(2042, 317, 5, 5, 23.31),
(2043, 317, 3, 10, 19.90),
(2044, 317, 9, 4, 28.00),
(2045, 318, 1, 9, 30.31),
(2046, 319, 11, 2, 26.25),
(2047, 319, 10, 5, 36.00),
(2048, 319, 5, 9, 23.31),
(2049, 319, 6, 10, 37.91),
(2050, 319, 9, 2, 28.00),
(2051, 319, 1, 9, 30.31),
(2052, 319, 12, 9, 39.00),
(2053, 319, 2, 7, 19.90),
(2054, 319, 3, 6, 19.90),
(2055, 319, 8, 9, 51.00),
(2056, 320, 3, 8, 19.90),
(2057, 320, 11, 2, 26.25),
(2058, 320, 12, 3, 39.00),
(2059, 320, 2, 11, 19.90),
(2060, 320, 7, 3, 29.75),
(2061, 320, 10, 2, 36.00),
(2062, 320, 8, 10, 51.00),
(2063, 320, 6, 4, 37.91),
(2064, 321, 2, 6, 19.90),
(2065, 321, 9, 5, 28.00),
(2066, 321, 6, 8, 37.91),
(2067, 321, 3, 2, 19.90),
(2068, 321, 12, 7, 39.00),
(2069, 321, 1, 7, 30.31),
(2070, 321, 11, 3, 26.25),
(2071, 321, 10, 5, 36.00),
(2072, 321, 4, 2, 39.90),
(2073, 321, 5, 5, 23.31),
(2074, 321, 7, 9, 29.75),
(2075, 322, 1, 2, 30.31),
(2076, 322, 12, 11, 39.00),
(2077, 322, 2, 7, 19.90),
(2078, 322, 11, 9, 26.25),
(2079, 322, 10, 5, 36.00),
(2080, 322, 3, 6, 19.90),
(2081, 322, 6, 4, 37.91),
(2082, 322, 4, 2, 39.90),
(2083, 322, 9, 7, 28.00),
(2084, 322, 5, 6, 23.31),
(2085, 322, 7, 7, 29.75),
(2086, 323, 8, 11, 51.00),
(2087, 323, 7, 1, 29.75),
(2088, 323, 6, 1, 37.91),
(2089, 323, 9, 3, 28.00),
(2090, 323, 11, 10, 26.25),
(2091, 323, 4, 8, 39.90),
(2092, 323, 10, 1, 36.00),
(2093, 323, 2, 10, 19.90),
(2094, 323, 12, 6, 39.00),
(2095, 323, 5, 8, 23.31),
(2096, 324, 7, 8, 29.75),
(2097, 324, 12, 9, 39.00),
(2098, 324, 6, 9, 37.91),
(2099, 324, 10, 9, 36.00),
(2100, 324, 8, 7, 51.00),
(2101, 324, 1, 8, 30.31),
(2102, 324, 5, 9, 23.31),
(2103, 324, 3, 8, 19.90),
(2104, 324, 11, 4, 26.25),
(2105, 324, 9, 5, 28.00),
(2106, 324, 2, 11, 19.90),
(2107, 325, 1, 8, 30.31),
(2108, 325, 12, 4, 39.00),
(2109, 325, 2, 7, 19.90),
(2110, 325, 6, 3, 37.91),
(2111, 325, 5, 2, 23.31),
(2112, 325, 8, 9, 51.00),
(2113, 325, 11, 10, 26.25),
(2114, 325, 7, 1, 29.75),
(2115, 326, 6, 11, 37.91),
(2116, 326, 1, 5, 30.31),
(2117, 326, 9, 9, 28.00);
INSERT INTO `detalle_venta` (`id_detalle`, `nro_venta`, `id_prod`, `cantidad`, `precio`) VALUES
(2118, 326, 5, 9, 23.31),
(2119, 326, 7, 10, 29.75),
(2120, 326, 2, 10, 19.90),
(2121, 327, 2, 1, 19.90),
(2122, 328, 10, 7, 36.00),
(2123, 328, 9, 5, 28.00),
(2124, 328, 1, 4, 30.31),
(2125, 329, 11, 5, 26.25),
(2126, 329, 8, 2, 51.00),
(2127, 329, 1, 3, 30.31),
(2128, 329, 12, 9, 39.00),
(2129, 329, 7, 5, 29.75),
(2130, 329, 9, 7, 28.00),
(2131, 329, 5, 8, 23.31),
(2132, 329, 6, 7, 37.91),
(2133, 329, 10, 2, 36.00),
(2134, 329, 4, 6, 39.90),
(2135, 329, 2, 3, 19.90),
(2136, 329, 3, 5, 19.90),
(2137, 330, 10, 1, 36.00),
(2138, 330, 6, 7, 37.91),
(2139, 330, 1, 2, 30.31),
(2140, 330, 9, 8, 28.00),
(2141, 330, 5, 2, 23.31),
(2142, 330, 12, 7, 39.00),
(2143, 330, 3, 5, 19.90),
(2144, 331, 2, 1, 19.90),
(2145, 331, 7, 3, 29.75),
(2146, 331, 5, 9, 23.31),
(2147, 331, 11, 4, 26.25),
(2148, 332, 5, 10, 23.31),
(2149, 332, 1, 3, 30.31),
(2150, 332, 9, 7, 28.00),
(2151, 333, 3, 8, 19.90),
(2152, 333, 5, 2, 23.31),
(2153, 333, 10, 7, 36.00),
(2154, 334, 8, 4, 51.00),
(2155, 334, 1, 11, 30.31),
(2156, 334, 6, 2, 37.91),
(2157, 334, 4, 5, 39.90),
(2158, 334, 12, 8, 39.00),
(2159, 334, 7, 6, 29.75),
(2160, 334, 11, 2, 26.25),
(2161, 334, 9, 4, 28.00),
(2162, 335, 12, 7, 39.00),
(2163, 335, 2, 9, 19.90),
(2164, 335, 3, 5, 19.90),
(2165, 335, 4, 5, 39.90),
(2166, 336, 4, 1, 39.90),
(2167, 336, 7, 4, 29.75),
(2168, 336, 1, 7, 30.31),
(2169, 336, 10, 2, 36.00),
(2170, 336, 12, 8, 39.00),
(2171, 336, 11, 4, 26.25),
(2172, 336, 9, 6, 28.00),
(2173, 336, 6, 6, 37.91),
(2174, 336, 2, 10, 19.90),
(2175, 337, 9, 9, 28.00),
(2176, 337, 10, 4, 36.00),
(2177, 337, 5, 3, 23.31),
(2178, 337, 11, 2, 26.25),
(2179, 337, 1, 10, 30.31),
(2180, 337, 8, 3, 51.00),
(2181, 337, 2, 3, 19.90),
(2182, 337, 3, 5, 19.90),
(2183, 337, 6, 7, 37.91),
(2184, 337, 7, 9, 29.75),
(2185, 337, 12, 11, 39.00),
(2186, 338, 4, 11, 39.90),
(2187, 338, 1, 2, 30.31),
(2188, 338, 6, 8, 37.91),
(2189, 338, 3, 3, 19.90),
(2190, 338, 9, 10, 28.00),
(2191, 338, 7, 8, 29.75),
(2192, 338, 8, 8, 51.00),
(2193, 338, 10, 8, 36.00),
(2194, 339, 1, 4, 30.31),
(2195, 339, 5, 3, 23.31),
(2196, 339, 7, 3, 29.75),
(2197, 340, 8, 1, 51.00),
(2198, 340, 9, 3, 28.00),
(2199, 340, 2, 2, 19.90),
(2200, 341, 8, 10, 51.00),
(2201, 341, 9, 10, 28.00),
(2202, 341, 10, 10, 36.00),
(2203, 341, 12, 7, 39.00),
(2204, 341, 11, 6, 26.25),
(2205, 341, 4, 9, 39.90),
(2206, 341, 1, 6, 30.31),
(2207, 341, 6, 3, 37.91),
(2208, 341, 2, 5, 19.90),
(2209, 341, 7, 3, 29.75),
(2210, 342, 12, 4, 39.00),
(2211, 342, 9, 7, 28.00),
(2212, 343, 11, 3, 26.25),
(2213, 343, 12, 9, 39.00),
(2214, 343, 1, 6, 30.31),
(2215, 343, 2, 3, 19.90),
(2216, 343, 10, 5, 36.00),
(2217, 343, 4, 3, 39.90),
(2218, 343, 6, 10, 37.91),
(2219, 343, 5, 10, 23.31),
(2220, 343, 8, 11, 51.00),
(2221, 343, 9, 2, 28.00),
(2222, 344, 7, 11, 29.75),
(2223, 344, 4, 9, 39.90),
(2224, 344, 6, 3, 37.91),
(2225, 344, 2, 7, 19.90),
(2226, 344, 8, 6, 51.00),
(2227, 345, 1, 2, 30.31),
(2228, 345, 11, 1, 26.25),
(2229, 345, 9, 10, 28.00),
(2230, 345, 5, 6, 23.31),
(2231, 345, 7, 10, 29.75),
(2232, 345, 4, 9, 39.90),
(2233, 345, 10, 5, 36.00),
(2234, 345, 3, 7, 19.90),
(2235, 345, 12, 10, 39.00),
(2236, 346, 9, 4, 28.00),
(2237, 346, 2, 2, 19.90),
(2238, 346, 12, 6, 39.00),
(2239, 346, 3, 6, 19.90),
(2240, 346, 8, 11, 51.00),
(2241, 346, 10, 5, 36.00),
(2242, 347, 7, 6, 29.75),
(2243, 348, 11, 7, 26.25),
(2244, 348, 3, 9, 19.90),
(2245, 348, 4, 6, 39.90),
(2246, 348, 7, 11, 29.75),
(2247, 348, 1, 4, 30.31),
(2248, 349, 10, 8, 36.00),
(2249, 349, 8, 3, 51.00),
(2250, 349, 4, 3, 39.90),
(2251, 349, 9, 5, 28.00),
(2252, 349, 1, 3, 30.31),
(2253, 349, 5, 1, 23.31),
(2254, 349, 11, 5, 26.25),
(2255, 349, 6, 10, 37.91),
(2256, 350, 5, 3, 23.31),
(2257, 350, 7, 4, 29.75),
(2258, 350, 12, 1, 39.00),
(2259, 350, 4, 2, 39.90),
(2260, 351, 9, 4, 28.00),
(2261, 351, 7, 5, 29.75),
(2262, 351, 11, 2, 26.25),
(2263, 351, 12, 3, 39.00),
(2264, 351, 1, 6, 30.31),
(2265, 351, 8, 3, 51.00),
(2266, 351, 5, 7, 23.31),
(2267, 352, 6, 7, 37.91),
(2268, 352, 10, 8, 36.00),
(2269, 352, 1, 5, 30.31),
(2270, 353, 8, 3, 51.00),
(2271, 353, 4, 11, 39.90),
(2272, 353, 10, 6, 36.00),
(2273, 353, 2, 5, 19.90),
(2274, 353, 7, 8, 29.75),
(2275, 353, 1, 1, 30.31),
(2276, 353, 6, 2, 37.91),
(2277, 353, 9, 5, 28.00),
(2278, 353, 11, 9, 26.25),
(2279, 353, 5, 9, 23.31),
(2280, 353, 3, 8, 19.90),
(2281, 354, 8, 3, 51.00),
(2282, 354, 2, 7, 19.90),
(2283, 355, 3, 6, 19.90),
(2284, 355, 10, 7, 36.00),
(2285, 355, 5, 5, 23.31),
(2286, 355, 8, 2, 51.00),
(2287, 355, 7, 4, 29.75),
(2288, 355, 11, 4, 26.25),
(2289, 355, 4, 8, 39.90),
(2290, 356, 2, 9, 19.90),
(2291, 356, 1, 8, 30.31),
(2292, 356, 11, 4, 26.25),
(2293, 356, 12, 5, 39.00),
(2294, 356, 6, 3, 37.91),
(2295, 357, 4, 6, 39.90),
(2296, 357, 7, 3, 29.75),
(2297, 357, 5, 6, 23.31),
(2298, 357, 11, 10, 26.25),
(2299, 357, 10, 10, 36.00),
(2300, 357, 8, 10, 51.00),
(2301, 357, 2, 7, 19.90),
(2302, 357, 9, 6, 28.00),
(2303, 357, 6, 8, 37.91),
(2304, 358, 9, 2, 28.00),
(2305, 358, 12, 2, 39.00),
(2306, 358, 8, 3, 51.00),
(2307, 358, 11, 10, 26.25),
(2308, 358, 7, 8, 29.75),
(2309, 358, 5, 11, 23.31),
(2310, 358, 1, 7, 30.31),
(2311, 358, 3, 3, 19.90),
(2312, 358, 6, 1, 37.91),
(2313, 358, 10, 8, 36.00),
(2314, 358, 2, 5, 19.90),
(2315, 358, 4, 9, 39.90),
(2316, 359, 4, 1, 39.90),
(2317, 359, 1, 4, 30.31),
(2318, 359, 11, 7, 26.25),
(2319, 359, 10, 9, 36.00),
(2320, 359, 8, 5, 51.00),
(2321, 359, 3, 6, 19.90),
(2322, 359, 9, 6, 28.00),
(2323, 359, 6, 8, 37.91),
(2324, 359, 12, 11, 39.00),
(2325, 360, 12, 6, 39.00),
(2326, 360, 11, 5, 26.25),
(2327, 360, 9, 5, 28.00),
(2328, 360, 2, 8, 19.90),
(2329, 360, 6, 5, 37.91),
(2330, 360, 1, 11, 30.31),
(2331, 360, 10, 8, 36.00),
(2332, 360, 8, 6, 51.00),
(2333, 360, 7, 7, 29.75),
(2334, 360, 4, 3, 39.90),
(2335, 360, 5, 3, 23.31),
(2336, 361, 10, 3, 36.00),
(2337, 361, 9, 5, 28.00),
(2338, 361, 2, 3, 19.90),
(2339, 361, 1, 8, 30.31),
(2340, 361, 12, 2, 39.00),
(2341, 362, 2, 3, 19.90),
(2342, 362, 1, 11, 30.31),
(2343, 362, 9, 5, 28.00),
(2344, 362, 10, 3, 36.00),
(2345, 363, 3, 10, 19.90),
(2346, 363, 8, 6, 51.00),
(2347, 363, 2, 10, 19.90),
(2348, 363, 12, 1, 39.00),
(2349, 363, 6, 5, 37.91),
(2350, 363, 7, 10, 29.75),
(2351, 363, 10, 4, 36.00),
(2352, 363, 5, 9, 23.31),
(2353, 364, 8, 6, 51.00),
(2354, 364, 1, 5, 30.31),
(2355, 365, 2, 4, 19.90),
(2356, 365, 11, 9, 26.25),
(2357, 366, 1, 10, 30.31),
(2358, 366, 7, 11, 29.75),
(2359, 366, 4, 3, 39.90),
(2360, 366, 10, 11, 36.00),
(2361, 367, 10, 7, 36.00),
(2362, 367, 4, 6, 39.90),
(2363, 367, 8, 10, 51.00),
(2364, 367, 11, 9, 26.25),
(2365, 367, 2, 6, 19.90),
(2366, 368, 5, 6, 23.31),
(2367, 368, 6, 2, 37.91),
(2368, 368, 1, 3, 30.31),
(2369, 368, 10, 9, 36.00),
(2370, 368, 12, 4, 39.00),
(2371, 368, 9, 4, 28.00),
(2372, 368, 11, 6, 26.25),
(2373, 368, 2, 5, 19.90),
(2374, 368, 3, 6, 19.90),
(2375, 368, 7, 5, 29.75),
(2376, 368, 4, 8, 39.90),
(2377, 368, 8, 11, 51.00),
(2378, 369, 4, 9, 39.90),
(2379, 369, 11, 2, 26.25),
(2380, 369, 2, 1, 19.90),
(2381, 369, 10, 11, 36.00),
(2382, 369, 12, 9, 39.00),
(2383, 369, 1, 2, 30.31),
(2384, 369, 8, 10, 51.00),
(2385, 369, 7, 5, 29.75),
(2386, 369, 6, 4, 37.91),
(2387, 369, 5, 3, 23.31),
(2388, 369, 3, 3, 19.90),
(2389, 370, 3, 3, 19.90),
(2390, 370, 6, 4, 37.91),
(2391, 370, 12, 9, 39.00),
(2392, 370, 7, 3, 29.75),
(2393, 371, 9, 9, 28.00),
(2394, 371, 1, 7, 30.31),
(2395, 371, 10, 8, 36.00),
(2396, 371, 11, 8, 26.25),
(2397, 371, 7, 6, 29.75),
(2398, 371, 4, 5, 39.90),
(2399, 371, 6, 5, 37.91),
(2400, 371, 3, 9, 19.90),
(2401, 371, 12, 11, 39.00),
(2402, 372, 6, 9, 37.91),
(2403, 372, 7, 11, 29.75),
(2404, 372, 10, 6, 36.00),
(2405, 372, 4, 5, 39.90),
(2406, 372, 9, 6, 28.00),
(2407, 373, 11, 9, 26.25),
(2408, 373, 10, 4, 36.00),
(2409, 373, 7, 4, 29.75),
(2410, 373, 2, 4, 19.90),
(2411, 373, 9, 7, 28.00),
(2412, 373, 3, 4, 19.90),
(2413, 373, 12, 6, 39.00),
(2414, 374, 2, 5, 19.90),
(2415, 374, 1, 7, 30.31),
(2416, 374, 3, 6, 19.90),
(2417, 374, 11, 10, 26.25),
(2418, 374, 8, 10, 51.00),
(2419, 374, 9, 11, 28.00),
(2420, 374, 4, 2, 39.90),
(2421, 374, 7, 6, 29.75),
(2422, 374, 12, 5, 39.00),
(2423, 374, 10, 7, 36.00),
(2424, 375, 8, 7, 51.00),
(2425, 375, 11, 2, 26.25),
(2426, 375, 9, 6, 28.00),
(2427, 375, 5, 4, 23.31),
(2428, 375, 4, 1, 39.90),
(2429, 375, 10, 4, 36.00),
(2430, 375, 1, 5, 30.31),
(2431, 375, 2, 2, 19.90),
(2432, 375, 3, 2, 19.90),
(2433, 376, 10, 2, 36.00),
(2434, 376, 7, 1, 29.75),
(2435, 376, 3, 1, 19.90),
(2436, 376, 1, 11, 30.31),
(2437, 377, 1, 4, 30.31),
(2438, 377, 7, 7, 29.75),
(2439, 377, 2, 2, 19.90),
(2440, 377, 12, 7, 39.00),
(2441, 377, 9, 7, 28.00),
(2442, 377, 4, 6, 39.90),
(2443, 377, 10, 8, 36.00),
(2444, 377, 6, 11, 37.91),
(2445, 377, 3, 8, 19.90),
(2446, 377, 5, 9, 23.31),
(2447, 378, 10, 2, 36.00),
(2448, 378, 4, 6, 39.90),
(2449, 378, 9, 2, 28.00),
(2450, 378, 12, 3, 39.00),
(2451, 378, 7, 8, 29.75),
(2452, 378, 6, 8, 37.91),
(2453, 378, 11, 6, 26.25),
(2454, 378, 5, 7, 23.31),
(2455, 379, 5, 5, 23.31),
(2456, 379, 6, 7, 37.91),
(2457, 379, 4, 10, 39.90),
(2458, 379, 3, 10, 19.90),
(2459, 379, 10, 6, 36.00),
(2460, 380, 8, 6, 51.00),
(2461, 380, 10, 8, 36.00),
(2462, 381, 8, 6, 51.00),
(2463, 381, 6, 2, 37.91),
(2464, 381, 1, 9, 30.31),
(2465, 381, 3, 9, 19.90),
(2466, 381, 2, 7, 19.90),
(2467, 381, 7, 6, 29.75),
(2468, 381, 4, 7, 39.90),
(2469, 381, 10, 6, 36.00),
(2470, 381, 9, 7, 28.00),
(2471, 381, 12, 7, 39.00),
(2472, 381, 11, 3, 26.25),
(2473, 382, 6, 3, 37.91),
(2474, 383, 3, 5, 19.90),
(2475, 383, 11, 8, 26.25),
(2476, 383, 6, 4, 37.91),
(2477, 383, 5, 6, 23.31),
(2478, 383, 7, 5, 29.75),
(2479, 383, 10, 5, 36.00),
(2480, 383, 8, 10, 51.00),
(2481, 383, 9, 6, 28.00),
(2482, 383, 12, 9, 39.00),
(2483, 384, 11, 8, 26.25),
(2484, 384, 5, 5, 23.31),
(2485, 384, 4, 8, 39.90),
(2486, 384, 10, 4, 36.00),
(2487, 384, 2, 5, 19.90),
(2488, 385, 1, 8, 30.31),
(2489, 385, 8, 7, 51.00),
(2490, 385, 2, 11, 19.90),
(2491, 385, 11, 1, 26.25),
(2492, 386, 4, 5, 39.90),
(2493, 386, 2, 7, 19.90),
(2494, 387, 1, 8, 30.31),
(2495, 387, 4, 1, 39.90),
(2496, 387, 9, 10, 28.00),
(2497, 387, 11, 5, 26.25),
(2498, 387, 2, 2, 19.90),
(2499, 387, 8, 8, 51.00),
(2500, 387, 3, 9, 19.90),
(2501, 387, 5, 3, 23.31),
(2502, 387, 10, 7, 36.00),
(2503, 387, 6, 3, 37.91),
(2504, 387, 12, 3, 39.00),
(2505, 387, 7, 4, 29.75),
(2506, 388, 11, 2, 26.25),
(2507, 388, 7, 8, 29.75),
(2508, 388, 6, 11, 37.91),
(2509, 388, 12, 9, 39.00),
(2510, 388, 8, 4, 51.00),
(2511, 388, 1, 10, 30.31),
(2512, 388, 10, 6, 36.00),
(2513, 388, 9, 11, 28.00),
(2514, 388, 2, 3, 19.90),
(2515, 388, 5, 4, 23.31),
(2516, 388, 3, 10, 19.90),
(2517, 389, 8, 7, 51.00),
(2518, 389, 9, 8, 28.00),
(2519, 389, 1, 5, 30.31),
(2520, 389, 6, 9, 37.91),
(2521, 389, 7, 2, 29.75),
(2522, 390, 8, 7, 51.00),
(2523, 390, 6, 9, 37.91),
(2524, 390, 4, 2, 39.90),
(2525, 390, 10, 3, 36.00),
(2526, 390, 2, 5, 19.90),
(2527, 390, 12, 7, 39.00),
(2528, 390, 9, 10, 28.00),
(2529, 390, 7, 9, 29.75),
(2530, 390, 5, 1, 23.31),
(2531, 390, 3, 8, 19.90),
(2532, 391, 10, 6, 36.00),
(2533, 391, 4, 11, 39.90),
(2534, 391, 6, 6, 37.91),
(2535, 391, 7, 6, 29.75),
(2536, 391, 3, 3, 19.90),
(2537, 391, 1, 3, 30.31),
(2538, 391, 8, 8, 51.00),
(2539, 391, 12, 9, 39.00),
(2540, 391, 9, 10, 28.00),
(2541, 392, 4, 8, 39.90),
(2542, 393, 5, 10, 23.31),
(2543, 393, 3, 4, 19.90),
(2544, 393, 6, 8, 37.91),
(2545, 393, 11, 10, 26.25),
(2546, 393, 10, 3, 36.00),
(2547, 393, 2, 4, 19.90),
(2548, 393, 1, 9, 30.31),
(2549, 394, 9, 5, 28.00),
(2550, 395, 2, 5, 19.90),
(2551, 395, 12, 7, 39.00),
(2552, 395, 7, 11, 29.75),
(2553, 395, 10, 1, 36.00),
(2554, 395, 9, 2, 28.00),
(2555, 395, 4, 7, 39.90),
(2556, 395, 6, 5, 37.91),
(2557, 395, 5, 6, 23.31),
(2558, 396, 9, 4, 28.00),
(2559, 397, 10, 10, 36.00),
(2560, 397, 9, 4, 28.00),
(2561, 397, 5, 7, 23.31),
(2562, 397, 11, 4, 26.25),
(2563, 397, 6, 6, 37.91),
(2564, 397, 12, 8, 39.00),
(2565, 397, 1, 9, 30.31),
(2566, 397, 4, 3, 39.90),
(2567, 397, 8, 4, 51.00),
(2568, 398, 10, 6, 36.00),
(2569, 399, 12, 8, 39.00),
(2570, 399, 4, 5, 39.90),
(2571, 399, 2, 2, 19.90),
(2572, 399, 11, 11, 26.25),
(2573, 399, 6, 9, 37.91),
(2574, 399, 8, 2, 51.00),
(2575, 400, 9, 3, 28.00),
(2576, 400, 2, 8, 19.90),
(2577, 400, 11, 2, 26.25),
(2578, 400, 1, 3, 30.31),
(2579, 400, 3, 8, 19.90),
(2580, 400, 8, 3, 51.00),
(2581, 400, 7, 7, 29.75),
(2582, 400, 10, 4, 36.00),
(2583, 400, 12, 9, 39.00),
(2584, 400, 4, 10, 39.90),
(2585, 400, 6, 5, 37.91),
(2586, 401, 7, 4, 29.75),
(2587, 402, 6, 7, 37.91),
(2588, 402, 10, 5, 36.00),
(2589, 403, 10, 10, 36.00),
(2590, 403, 4, 10, 39.90),
(2591, 403, 12, 2, 39.00),
(2592, 404, 12, 5, 39.00),
(2593, 404, 9, 4, 28.00),
(2594, 404, 8, 7, 51.00),
(2595, 404, 10, 9, 36.00),
(2596, 404, 6, 4, 37.91),
(2597, 404, 11, 4, 26.25),
(2598, 404, 5, 6, 23.31),
(2599, 404, 1, 5, 30.31),
(2600, 405, 2, 4, 19.90),
(2601, 405, 3, 9, 19.90),
(2602, 405, 6, 2, 37.91),
(2603, 405, 5, 1, 23.31),
(2604, 405, 7, 11, 29.75),
(2605, 405, 9, 9, 28.00),
(2606, 405, 8, 1, 51.00),
(2607, 405, 11, 8, 26.25),
(2608, 406, 4, 3, 39.90),
(2609, 406, 9, 6, 28.00),
(2610, 406, 1, 10, 30.31),
(2611, 406, 12, 8, 39.00),
(2612, 407, 4, 11, 39.90),
(2613, 408, 7, 1, 29.75),
(2614, 408, 1, 10, 30.31),
(2615, 408, 2, 5, 19.90),
(2616, 408, 4, 4, 39.90),
(2617, 408, 3, 3, 19.90),
(2618, 408, 5, 5, 23.31),
(2619, 408, 9, 1, 28.00),
(2620, 408, 6, 3, 37.91),
(2621, 408, 12, 8, 39.00),
(2622, 408, 11, 10, 26.25),
(2623, 408, 10, 6, 36.00),
(2624, 408, 8, 8, 51.00),
(2625, 409, 8, 7, 51.00),
(2626, 409, 9, 11, 28.00),
(2627, 410, 12, 10, 39.00),
(2628, 411, 7, 3, 29.75),
(2629, 412, 4, 6, 39.90),
(2630, 412, 1, 3, 30.31),
(2631, 412, 3, 5, 19.90),
(2632, 412, 12, 5, 39.00),
(2633, 412, 10, 11, 36.00),
(2634, 412, 11, 8, 26.25),
(2635, 412, 2, 4, 19.90),
(2636, 412, 7, 6, 29.75),
(2637, 412, 9, 8, 28.00),
(2638, 412, 8, 3, 51.00),
(2639, 412, 6, 6, 37.91),
(2640, 412, 5, 2, 23.31),
(2641, 413, 8, 7, 51.00),
(2642, 413, 5, 7, 23.31),
(2643, 413, 7, 11, 29.75),
(2644, 413, 4, 2, 39.90),
(2645, 413, 1, 6, 30.31),
(2646, 413, 6, 3, 37.91),
(2647, 413, 11, 7, 26.25),
(2648, 413, 9, 6, 28.00),
(2649, 413, 2, 9, 19.90),
(2650, 413, 3, 2, 19.90),
(2651, 413, 10, 6, 36.00),
(2652, 413, 12, 1, 39.00),
(2653, 414, 6, 10, 37.91),
(2654, 414, 4, 8, 39.90),
(2655, 414, 11, 8, 26.25),
(2656, 414, 12, 7, 39.00),
(2657, 414, 8, 9, 51.00),
(2658, 414, 3, 3, 19.90),
(2659, 414, 10, 6, 36.00),
(2660, 415, 7, 2, 29.75),
(2661, 415, 10, 4, 36.00),
(2662, 415, 1, 10, 30.31),
(2663, 415, 8, 9, 51.00),
(2664, 415, 3, 4, 19.90),
(2665, 415, 5, 11, 23.31),
(2666, 415, 6, 2, 37.91),
(2667, 415, 12, 5, 39.00),
(2668, 415, 2, 11, 19.90),
(2669, 415, 9, 7, 28.00),
(2670, 415, 4, 11, 39.90),
(2671, 416, 10, 7, 36.00),
(2672, 416, 12, 4, 39.00),
(2673, 417, 1, 11, 30.31),
(2674, 417, 5, 1, 23.31),
(2675, 417, 11, 3, 26.25),
(2676, 417, 9, 1, 28.00),
(2677, 417, 6, 5, 37.91),
(2678, 417, 2, 1, 19.90),
(2679, 417, 4, 10, 39.90),
(2680, 418, 4, 8, 39.90),
(2681, 418, 9, 6, 28.00),
(2682, 418, 10, 5, 36.00),
(2683, 418, 6, 4, 37.91),
(2684, 419, 5, 1, 23.31),
(2685, 419, 1, 8, 30.31),
(2686, 419, 3, 3, 19.90),
(2687, 419, 8, 10, 51.00),
(2688, 419, 11, 1, 26.25),
(2689, 419, 12, 5, 39.00),
(2690, 420, 6, 8, 37.91),
(2691, 420, 1, 5, 30.31),
(2692, 420, 4, 10, 39.90),
(2693, 420, 11, 5, 26.25),
(2694, 420, 8, 4, 51.00),
(2695, 420, 3, 1, 19.90),
(2696, 420, 5, 5, 23.31),
(2697, 420, 12, 11, 39.00),
(2698, 420, 9, 7, 28.00),
(2699, 420, 7, 2, 29.75),
(2700, 420, 10, 9, 36.00),
(2701, 421, 7, 7, 29.75),
(2702, 421, 8, 7, 51.00),
(2703, 421, 11, 6, 26.25),
(2704, 421, 9, 9, 28.00),
(2705, 421, 3, 4, 19.90),
(2706, 421, 12, 4, 39.00),
(2707, 421, 4, 7, 39.90),
(2708, 421, 2, 3, 19.90),
(2709, 421, 6, 10, 37.91),
(2710, 422, 11, 10, 26.25),
(2711, 423, 12, 5, 39.00),
(2712, 423, 4, 9, 39.90),
(2713, 423, 9, 8, 28.00),
(2714, 423, 10, 1, 36.00),
(2715, 423, 1, 2, 30.31),
(2716, 423, 6, 4, 37.91),
(2717, 423, 3, 3, 19.90),
(2718, 423, 11, 5, 26.25),
(2719, 423, 2, 2, 19.90),
(2720, 423, 8, 7, 51.00),
(2721, 424, 6, 2, 37.91),
(2722, 424, 3, 2, 19.90),
(2723, 424, 7, 11, 29.75),
(2724, 424, 12, 8, 39.00),
(2725, 424, 10, 7, 36.00),
(2726, 424, 5, 8, 23.31),
(2727, 425, 2, 4, 19.90),
(2728, 425, 7, 1, 29.75),
(2729, 425, 3, 3, 19.90),
(2730, 425, 6, 10, 37.91),
(2731, 425, 9, 8, 28.00),
(2732, 425, 4, 11, 39.90),
(2733, 425, 5, 8, 23.31),
(2734, 425, 11, 6, 26.25),
(2735, 425, 1, 6, 30.31),
(2736, 426, 9, 4, 28.00),
(2737, 427, 4, 11, 39.90),
(2738, 427, 8, 10, 51.00),
(2739, 427, 3, 6, 19.90),
(2740, 427, 1, 8, 30.31),
(2741, 427, 10, 3, 36.00),
(2742, 427, 11, 8, 26.25),
(2743, 427, 6, 2, 37.91),
(2744, 427, 5, 6, 23.31),
(2745, 427, 7, 2, 29.75),
(2746, 427, 9, 2, 28.00),
(2747, 427, 2, 4, 19.90),
(2748, 427, 12, 1, 39.00),
(2749, 428, 8, 2, 51.00),
(2750, 428, 4, 8, 39.90),
(2751, 428, 1, 3, 30.31),
(2752, 429, 7, 11, 29.75),
(2753, 429, 8, 1, 51.00),
(2754, 429, 5, 3, 23.31),
(2755, 429, 2, 10, 19.90),
(2756, 429, 12, 11, 39.00),
(2757, 429, 9, 2, 28.00),
(2758, 429, 11, 7, 26.25),
(2759, 429, 1, 7, 30.31),
(2760, 429, 4, 4, 39.90),
(2761, 429, 6, 6, 37.91),
(2762, 430, 7, 6, 29.75),
(2763, 430, 12, 4, 39.00),
(2764, 430, 10, 3, 36.00),
(2765, 430, 6, 11, 37.91),
(2766, 430, 2, 4, 19.90),
(2767, 430, 8, 5, 51.00),
(2768, 430, 1, 5, 30.31),
(2769, 430, 11, 9, 26.25),
(2770, 430, 9, 6, 28.00),
(2771, 430, 5, 4, 23.31),
(2772, 430, 3, 2, 19.90),
(2773, 431, 9, 11, 28.00),
(2774, 431, 5, 6, 23.31),
(2775, 431, 6, 8, 37.91),
(2776, 431, 4, 3, 39.90),
(2777, 431, 11, 7, 26.25),
(2778, 431, 12, 4, 39.00),
(2779, 431, 3, 8, 19.90),
(2780, 431, 10, 10, 36.00),
(2781, 431, 7, 2, 29.75),
(2782, 432, 7, 3, 29.75),
(2783, 432, 11, 3, 26.25),
(2784, 432, 3, 4, 19.90),
(2785, 432, 5, 10, 23.31),
(2786, 432, 10, 8, 36.00),
(2787, 432, 8, 9, 51.00),
(2788, 432, 4, 9, 39.90),
(2789, 432, 6, 7, 37.91),
(2790, 432, 9, 6, 28.00),
(2791, 432, 1, 9, 30.31),
(2792, 433, 3, 1, 19.90),
(2793, 434, 2, 2, 19.90),
(2794, 434, 3, 1, 19.90),
(2795, 435, 1, 1, 31.90),
(2796, 436, 10, 1, 100.00),
(2797, 436, 9, 1, 20.00),
(2798, 436, 7, 1, 26.00),
(2799, 437, 4, 1, 10.00),
(2800, 437, 1, 1, 30.00),
(2801, 438, 1, 1, 30.00),
(2802, 438, 2, 1, 20.00),
(2803, 439, 1, 1, 30.00),
(2804, 439, 2, 1, 20.00),
(2805, 439, 3, 1, 30.00),
(2806, 440, 1, 1, 30.00),
(2807, 440, 7, 1, 26.00),
(2808, 441, 2, 1, 20.00),
(2809, 441, 10, 1, 100.00),
(2810, 442, 1, 1, 30.00);

-- --------------------------------------------------------

--
-- Estructura de tabla para la tabla `empleado`
--

DROP TABLE IF EXISTS `empleado`;
CREATE TABLE IF NOT EXISTS `empleado` (
  `id_empleado` int NOT NULL AUTO_INCREMENT,
  `id_usuario` int NOT NULL,
  `nombres` varchar(100) NOT NULL,
  `apellidos` varchar(100) NOT NULL,
  `telefono` varchar(15) DEFAULT NULL,
  `fecha_nac` date NOT NULL,
  PRIMARY KEY (`id_empleado`),
  UNIQUE KEY `id_usuario` (`id_usuario`)
) ENGINE=InnoDB AUTO_INCREMENT=3 DEFAULT CHARSET=latin1;

--
-- Volcado de datos para la tabla `empleado`
--

INSERT INTO `empleado` (`id_empleado`, `id_usuario`, `nombres`, `apellidos`, `telefono`, `fecha_nac`) VALUES
(1, 1, 'Jorge', 'Caceres Quispe', '965423652', '1999-12-12'),
(2, 2, 'Juan Carlos', 'Sotomayor Zulman', '965210012', '1999-02-17');

-- --------------------------------------------------------

--
-- Estructura de tabla para la tabla `perfil`
--

DROP TABLE IF EXISTS `perfil`;
CREATE TABLE IF NOT EXISTS `perfil` (
  `id_perfil` int NOT NULL,
  `nombre` varchar(60) DEFAULT NULL,
  PRIMARY KEY (`id_perfil`),
  UNIQUE KEY `nombre` (`nombre`)
) ENGINE=InnoDB DEFAULT CHARSET=latin1;

--
-- Volcado de datos para la tabla `perfil`
--

INSERT INTO `perfil` (`id_perfil`, `nombre`) VALUES
(1, 'ADMIN'),
(2, 'CLIENTE');

-- --------------------------------------------------------

--
-- Estructura de tabla para la tabla `producto`
--

DROP TABLE IF EXISTS `producto`;
CREATE TABLE IF NOT EXISTS `producto` (
  `id_prod` int NOT NULL AUTO_INCREMENT,
  `nombre` varchar(100) NOT NULL,
  `stock` int NOT NULL,
  `precio` decimal(8,2) NOT NULL,
  `descripcion` text,
  `imagen` text,
  `porc_desc` decimal(8,2) DEFAULT NULL,
  `eliminado` int DEFAULT '0',
  PRIMARY KEY (`id_prod`)
) ENGINE=InnoDB AUTO_INCREMENT=14 DEFAULT CHARSET=latin1;

--
-- Volcado de datos para la tabla `producto`
--

INSERT INTO `producto` (`id_prod`, `nombre`, `stock`, `precio`, `descripcion`, `imagen`, `porc_desc`, `eliminado`) VALUES
(1, 'CEVICHE', 55, 30.00, 'Plato de pescado crudo marinado en limón, cebolla, ají y otras especias, que se sirve con camote, choclo y canchita.', 'https://i.ytimg.com/vi/_ivdbk8kzMg/hq720.jpg?sqp=-oaymwEhCK4FEIIDSFryq4qpAxMIARUAAAAAGAElAADIQj0AgKJD&rs=AOn4CLBc8e0Ic4uyM95eZ5g_yeN1Z7kLYQ', 5.00, 0),
(2, 'LOMO SALTADO', 47, 20.00, 'Plato de trozos de lomo de carne, tomate y cebolla, servidos junto a crocantes papas fritas y graneado arroz.', 'https://i.ytimg.com/vi/r2oGrH__hT0/hq720.jpg?sqp=-oaymwEhCK4FEIIDSFryq4qpAxMIARUAAAAAGAElAADIQj0AgKJD&rs=AOn4CLBtRrQkJyQYxpAJD7aR3yN2BhJ0Cw', 0.00, 0),
(3, 'AJI DE GALLINA', 39, 30.00, 'Plato de Gallina o pollo, pan, pecanas, leche evaporada, ají amarill y queso parmesano.\nAcompañamientos: papas, huevo duro, aceituna negra y arroz blanco.', 'https://ojo.pe/resizer/v2/7O3EDFIVNBD3JEWET4QH4AFL4E.jpg?auth=735002f23c5dc497e568b3ffba2d4ec54988d191a0fd462ede3a7e5755bb6aa4&width=580&height=330&quality=75&smart=true', 0.00, 0),
(4, 'CAUSA', 69, 10.00, 'Plato a base de papa amarilla peruana, ají, lechuga, choclo, queso fresco, huevo cocido, palta y aceitunas negras.', 'https://acomer.pe/wp-content/uploads/2018/02/causalimeniaweb-185x185.jpg', 10.00, 0),
(5, 'PACHAMANCA', 40, 60.00, 'Plato de carnes de vacuno, cerdo, pollo y cuy previamente aderezados con verduras aromáticas como chincho, huacatay, ají, así como comino, pimiento y otras especias.', 'https://encrypted-tbn0.gstatic.com/images?q=tbn:ANd9GcSZ7bZ7ALjkrB18xh4ll7LM3Hy-BfnlbUAJ_g&s', 20.00, 0),
(6, 'ARROZ CON POLLO', 60, 36.00, 'Plato de pollo frito con arroz y verdura cortada en cuadraditos como zanahoria, alverja y pimiento en cortes mas largos y acompañado de una zarza criolla de cebolla y tomate.', 'https://i.ytimg.com/vi/H6lgxgEWIs8/hq720.jpg?sqp=-oaymwEhCK4FEIIDSFryq4qpAxMIARUAAAAAGAElAADIQj0AgKJD&rs=AOn4CLCTdb3x_uADhlQHLbsZmEgnP9P1-w', 6.40, 0),
(7, 'TALLARIN A LA HUANCAINA', 38, 26.00, 'Plato de fideos en salsa huancaina con su milanesa.', 'https://i.ytimg.com/vi/6qqq-5K6WbI/maxresdefault.jpg', 7.30, 0),
(8, 'SANCOCHADO', 20, 20.00, 'Plato a base de carne, tubérculos (papas, camotes, yucas) y verduras de composición relativamente variable (apio, poro, choclos, nabo, zanahoria, col).', 'https://encrypted-tbn0.gstatic.com/images?q=tbn:ANd9GcS47j48bYT9gjD47ZXocosPoOfAJ1ONweEByA&s', 0.00, 0),
(9, 'TACU TACU', 49, 20.00, 'Plato de arroz sobrante se mezcla con el frijol canario cocido y sazonado, y luego se fríe en una sartén para hacer una tortilla grande.', 'https://i.ytimg.com/vi/bH0VjyvgQjc/maxresdefault.jpg', 0.00, 0),
(10, 'POLLO A LA BRASA', 78, 100.00, 'Pollo a la brasa, papas, ensalada cocida y gaseosa.', 'https://blog.sanfernando.pe/wp-content/uploads/2023/07/banner_3.jpg', 20.00, 0);

-- --------------------------------------------------------

--
-- Estructura de tabla para la tabla `usuario`
--

DROP TABLE IF EXISTS `usuario`;
CREATE TABLE IF NOT EXISTS `usuario` (
  `id_usuario` int NOT NULL AUTO_INCREMENT,
  `id_perfil` int NOT NULL,
  `correo` varchar(100) NOT NULL,
  `password` varchar(300) NOT NULL,
  `fecha_recuperacion` datetime DEFAULT NULL,
  `estado` int NOT NULL,
  `codigo_recuperacion` int DEFAULT NULL,
  PRIMARY KEY (`id_usuario`),
  UNIQUE KEY `correo` (`correo`),
  KEY `id_perfil` (`id_perfil`)
) ENGINE=InnoDB AUTO_INCREMENT=70 DEFAULT CHARSET=latin1;

--
-- Volcado de datos para la tabla `usuario`
--

INSERT INTO `usuario` (`id_usuario`, `id_perfil`, `correo`, `password`, `fecha_recuperacion`, `estado`, `codigo_recuperacion`) VALUES
(1, 1, 'admin@gmail.com', 'zxf48bpqfsHe+DJW0d5b8w==', NULL, 1, NULL),
(9, 2, 'jne33@gmail.com', 'zxf48bpqfsHe+DJW0d5b8w==', '2023-11-25 12:35:05', 1, 5443),
(10, 2, 'rodrigo.12@gmail.com', 'zxf48bpqfsHe+DJW0d5b8w==', NULL, 1, NULL),
(14, 2, 'roxana.calderon@gmail.com', 'zxf48bpqfsHe+DJW0d5b8w==', NULL, 1, NULL),
(16, 2, 'carlos.sanchez@gmail.com', 'zxf48bpqfsHe+DJW0d5b8w==', NULL, 1, NULL),
(17, 2, 'jorge.castillo@gmail.com', 'zxf48bpqfsHe+DJW0d5b8w==', NULL, 1, NULL),
(18, 2, 'juan@gmail.com', 'zxf48bpqfsHe+DJW0d5b8w==', NULL, 1, NULL),
(19, 2, 'marcos12@gmail.com', 'zxf48bpqfsHe+DJW0d5b8w==', NULL, 1, NULL),
(20, 2, 'garcia.becerra@gmail.com', 'zxf48bpqfsHe+DJW0d5b8w==', NULL, 1, NULL),
(21, 2, 'chirinos.sanchez@gmail.com', 'zxf48bpqfsHe+DJW0d5b8w==', NULL, 1, NULL),
(22, 2, 'villegas.fernandez@gmail.com', 'zxf48bpqfsHe+DJW0d5b8w==', NULL, 1, NULL),
(23, 2, 'lopez.chong@gmail.com', 'zxf48bpqfsHe+DJW0d5b8w==', NULL, 1, NULL),
(24, 2, 'montenegro.camarena@gmail.com', 'zxf48bpqfsHe+DJW0d5b8w==', NULL, 1, NULL),
(25, 2, 'noriega.vasquez@gmail.com', 'zxf48bpqfsHe+DJW0d5b8w==', NULL, 1, NULL),
(26, 2, 'rodriguez.guzman@gmail.com', 'zxf48bpqfsHe+DJW0d5b8w==', NULL, 1, NULL),
(27, 2, 'castillo.velasquez@gmail.com', 'zxf48bpqfsHe+DJW0d5b8w==', NULL, 1, NULL),
(28, 2, 'escalante.rodriguez@gmail.com', 'zxf48bpqfsHe+DJW0d5b8w==', NULL, 1, NULL),
(29, 2, 'fernandez.baca@gmail.com', 'zxf48bpqfsHe+DJW0d5b8w==', NULL, 1, NULL),
(30, 2, 'pilar.huamani@gmail.com', 'zxf48bpqfsHe+DJW0d5b8w==', NULL, 1, NULL),
(31, 2, 'del.pilar.huamani@gmail.com', 'zxf48bpqfsHe+DJW0d5b8w==', NULL, 1, NULL),
(32, 2, 'aguilar.puente@gmail.com', 'zxf48bpqfsHe+DJW0d5b8w==', NULL, 1, NULL),
(33, 2, 'guzman.cardenas@gmail.com', 'zxf48bpqfsHe+DJW0d5b8w==', NULL, 1, NULL),
(34, 2, 'velasquez.chavez@gmail.com', 'zxf48bpqfsHe+DJW0d5b8w==', NULL, 1, NULL),
(35, 2, 'sullca.salazar@gmail.com', 'zxf48bpqfsHe+DJW0d5b8w==', NULL, 1, NULL),
(36, 2, 'bardales.carbajal@gmail.com', 'zxf48bpqfsHe+DJW0d5b8w==', NULL, 1, NULL),
(37, 2, 'sotomayor.carbajal@gmail.com', 'zxf48bpqfsHe+DJW0d5b8w==', NULL, 1, NULL),
(38, 2, 'paucar.caceres@gmail.com', 'zxf48bpqfsHe+DJW0d5b8w==', NULL, 1, NULL),
(39, 2, 'dextre.sanchez@gmail.com', 'zxf48bpqfsHe+DJW0d5b8w==', NULL, 1, NULL),
(40, 2, 'huaman.vera@gmail.com', 'zxf48bpqfsHe+DJW0d5b8w==', NULL, 1, NULL),
(41, 2, 'palacios.sanchez@gmail.com', 'zxf48bpqfsHe+DJW0d5b8w==', NULL, 1, NULL),
(42, 2, 'mori.moscoso@gmail.com', 'zxf48bpqfsHe+DJW0d5b8w==', NULL, 1, NULL),
(43, 2, 'mori.quiroz@gmail.com', 'zxf48bpqfsHe+DJW0d5b8w==', NULL, 1, NULL),
(44, 2, 'muñoz.gomez@gmail.com', 'zxf48bpqfsHe+DJW0d5b8w==', NULL, 1, NULL),
(45, 2, 'nuñez.tarillo@gmail.com', 'zxf48bpqfsHe+DJW0d5b8w==', NULL, 1, NULL),
(46, 2, 'olivera.delgado@gmail.com', 'zxf48bpqfsHe+DJW0d5b8w==', NULL, 1, NULL),
(47, 2, 'valverde.quispe@gmail.com', 'zxf48bpqfsHe+DJW0d5b8w==', NULL, 1, NULL),
(48, 2, 'aguilar.caceres@gmail.com', 'zxf48bpqfsHe+DJW0d5b8w==', NULL, 1, NULL),
(49, 2, 'pacora.bazalar@gmail.com', 'zxf48bpqfsHe+DJW0d5b8w==', NULL, 1, NULL),
(50, 2, 'palomino.berrios@gmail.com', 'zxf48bpqfsHe+DJW0d5b8w==', NULL, 1, NULL),
(51, 2, 'pereyra.parra@gmail.com', 'zxf48bpqfsHe+DJW0d5b8w==', NULL, 1, NULL),
(52, 2, 'pinto.victorio@gmail.com', 'zxf48bpqfsHe+DJW0d5b8w==', NULL, 1, NULL),
(53, 2, 'pozo.gonzales@gmail.com', 'zxf48bpqfsHe+DJW0d5b8w==', NULL, 1, NULL),
(54, 2, 'quiroz.vasquez@gmail.com', 'zxf48bpqfsHe+DJW0d5b8w==', NULL, 1, NULL),
(55, 2, 'rayme.delgado@gmail.com', 'zxf48bpqfsHe+DJW0d5b8w==', NULL, 1, NULL),
(56, 2, 'reyna.diaz@gmail.com', 'zxf48bpqfsHe+DJW0d5b8w==', NULL, 1, NULL),
(57, 2, 'rodriguez.revilla@gmail.com', 'zxf48bpqfsHe+DJW0d5b8w==', NULL, 1, NULL),
(58, 2, 'cardenas.zevallos@gmail.com', 'zxf48bpqfsHe+DJW0d5b8w==', NULL, 1, NULL),
(59, 2, 'ramirez.sevilla@gmail.com', 'zxf48bpqfsHe+DJW0d5b8w==', NULL, 1, NULL),
(60, 2, 'palacios.ramirez@gmail.com', 'zxf48bpqfsHe+DJW0d5b8w==', NULL, 1, NULL),
(61, 2, 'matos.olarte@gmail.com', 'zxf48bpqfsHe+DJW0d5b8w==', NULL, 1, NULL),
(62, 2, 'peralta.sanchez@gmail.com', 'zxf48bpqfsHe+DJW0d5b8w==', NULL, 1, NULL),
(63, 2, 'tadeo.jeri@gmail.com', 'zxf48bpqfsHe+DJW0d5b8w==', NULL, 1, NULL),
(64, 2, 'zuñiga.noriega@gmail.com', 'zxf48bpqfsHe+DJW0d5b8w==', NULL, 1, NULL),
(65, 2, 'perez.mauricio@gmail.com', 'zxf48bpqfsHe+DJW0d5b8w==', NULL, 1, NULL),
(66, 2, 'fer964@gmail.com', 'CEhUDXbfJ+eXvd34FA9p5Q==', NULL, 1, NULL),
(67, 2, 'jc20231@gmail.com', 's67Oa/FibnnysZrLPxLtJg==', NULL, 1, NULL),
(68, 2, 'sandrarodriguezramos12@gmail.com', 'HP1GXUJo99RUXkoVSmdCrA==', NULL, 1, NULL);

-- --------------------------------------------------------

--
-- Estructura de tabla para la tabla `venta`
--

DROP TABLE IF EXISTS `venta`;
CREATE TABLE IF NOT EXISTS `venta` (
  `nro_venta` int NOT NULL AUTO_INCREMENT,
  `id_cliente` int NOT NULL,
  `fecha` datetime DEFAULT NULL,
  `total` decimal(8,2) NOT NULL,
  `comentario` text,
  `direccion_envio` text,
  `estado_entrega` varchar(30) DEFAULT NULL,
  PRIMARY KEY (`nro_venta`),
  KEY `id_cliente` (`id_cliente`)
) ENGINE=InnoDB AUTO_INCREMENT=443 DEFAULT CHARSET=latin1;

--
-- Volcado de datos para la tabla `venta`
--

INSERT INTO `venta` (`nro_venta`, `id_cliente`, `fecha`, `total`, `comentario`, `direccion_envio`, `estado_entrega`) VALUES
(1, 49, '2020-01-03 22:41:37', 1481.39, NULL, NULL, 'Entregado'),
(2, 52, '2020-01-04 09:45:43', 1379.69, NULL, NULL, 'Entregado'),
(3, 22, '2020-01-04 14:55:53', 1676.54, NULL, NULL, 'Entregado'),
(4, 25, '2020-01-09 18:47:36', 2258.65, NULL, NULL, 'Entregado'),
(5, 53, '2020-01-14 23:42:40', 322.04, NULL, NULL, 'Entregado'),
(6, 36, '2020-01-18 03:30:09', 1793.23, NULL, NULL, 'Entregado'),
(7, 17, '2020-01-19 05:53:48', 1064.08, NULL, NULL, 'Entregado'),
(8, 30, '2020-01-21 15:04:21', 943.27, NULL, NULL, 'Entregado'),
(9, 23, '2020-01-24 04:30:06', 2225.27, NULL, NULL, 'Entregado'),
(10, 18, '2020-01-24 18:37:49', 208.25, NULL, NULL, 'Entregado'),
(11, 48, '2020-01-26 01:54:28', 399.00, NULL, NULL, 'Entregado'),
(12, 18, '2020-01-27 05:48:25', 1396.55, NULL, NULL, 'Entregado'),
(13, 21, '2020-01-29 17:24:47', 1877.26, NULL, NULL, 'Entregado'),
(14, 53, '2020-02-02 02:06:18', 611.33, NULL, NULL, 'Entregado'),
(15, 25, '2020-02-05 04:33:17', 2125.04, NULL, NULL, 'Entregado'),
(16, 61, '2020-02-05 11:05:59', 920.85, NULL, NULL, 'Entregado'),
(17, 56, '2020-02-07 03:13:44', 1376.33, NULL, NULL, 'Entregado'),
(18, 21, '2020-02-08 06:58:07', 1634.45, NULL, NULL, 'Entregado'),
(19, 21, '2020-02-10 04:31:07', 877.81, NULL, NULL, 'Entregado'),
(20, 56, '2020-02-19 05:32:05', 1856.56, NULL, NULL, 'Entregado'),
(21, 10, '2020-02-23 16:50:12', 1391.42, NULL, NULL, 'Entregado'),
(22, 33, '2020-02-27 23:29:27', 797.78, NULL, NULL, 'Entregado'),
(23, 28, '2020-02-28 06:47:11', 1291.30, NULL, NULL, 'Entregado'),
(24, 39, '2020-02-28 20:41:57', 1227.85, NULL, NULL, 'Entregado'),
(25, 37, '2020-03-02 01:40:14', 2383.89, NULL, NULL, 'Entregado'),
(26, 12, '2020-03-05 19:35:30', 736.05, NULL, NULL, 'Entregado'),
(27, 11, '2020-03-13 18:09:28', 623.40, NULL, NULL, 'Entregado'),
(28, 57, '2020-03-17 09:09:41', 963.40, NULL, NULL, 'Entregado'),
(29, 7, '2020-03-17 12:57:16', 1976.47, NULL, NULL, 'Entregado'),
(30, 36, '2020-03-18 01:23:52', 1454.06, NULL, NULL, 'Entregado'),
(31, 52, '2020-03-18 15:37:08', 985.49, NULL, NULL, 'Entregado'),
(32, 26, '2020-03-20 20:33:13', 1361.31, NULL, NULL, 'Entregado'),
(33, 43, '2020-03-22 17:49:02', 196.00, NULL, NULL, 'Entregado'),
(34, 17, '2020-03-26 12:51:46', 1702.57, NULL, NULL, 'Entregado'),
(35, 61, '2020-03-27 04:03:45', 199.00, NULL, NULL, 'Entregado'),
(36, 18, '2020-03-27 06:29:43', 314.00, NULL, NULL, 'Entregado'),
(37, 7, '2020-03-29 22:51:33', 516.25, NULL, NULL, 'Entregado'),
(38, 44, '2020-03-31 13:04:35', 1968.93, NULL, NULL, 'Entregado'),
(39, 19, '2020-04-02 09:03:08', 741.85, NULL, NULL, 'Entregado'),
(40, 59, '2020-04-04 04:05:54', 2401.94, NULL, NULL, 'Entregado'),
(41, 4, '2020-04-14 19:10:26', 1205.64, NULL, NULL, 'Entregado'),
(42, 42, '2020-04-15 20:24:27', 233.10, NULL, NULL, 'Entregado'),
(43, 20, '2020-04-16 13:55:54', 815.78, NULL, NULL, 'Entregado'),
(44, 47, '2020-04-22 09:57:41', 1895.21, NULL, NULL, 'Entregado'),
(45, 58, '2020-04-23 19:04:54', 653.48, NULL, NULL, 'Entregado'),
(46, 59, '2020-04-27 20:17:51', 105.00, NULL, NULL, 'Entregado'),
(47, 19, '2020-05-02 11:15:55', 1626.30, NULL, NULL, 'Entregado'),
(48, 55, '2020-05-09 07:25:11', 563.50, NULL, NULL, 'Entregado'),
(49, 25, '2020-05-09 19:58:29', 239.11, NULL, NULL, 'Entregado'),
(50, 52, '2020-05-10 17:27:08', 522.44, NULL, NULL, 'Entregado'),
(51, 27, '2020-05-14 20:10:15', 1328.47, NULL, NULL, 'Entregado'),
(52, 36, '2020-05-20 05:48:29', 2455.91, NULL, NULL, 'Entregado'),
(53, 30, '2020-05-21 22:35:07', 670.87, NULL, NULL, 'Entregado'),
(54, 60, '2020-05-26 20:04:42', 588.05, NULL, NULL, 'Entregado'),
(55, 51, '2020-05-28 03:26:48', 2210.28, NULL, NULL, 'Entregado'),
(56, 18, '2020-05-31 22:28:32', 1726.81, NULL, NULL, 'Entregado'),
(57, 25, '2020-06-03 20:53:56', 1088.38, NULL, NULL, 'Entregado'),
(58, 39, '2020-06-07 01:46:49', 1481.09, NULL, NULL, 'Entregado'),
(59, 9, '2020-06-07 07:12:04', 227.43, NULL, NULL, 'Entregado'),
(60, 42, '2020-06-08 19:40:57', 1392.67, NULL, NULL, 'Entregado'),
(61, 53, '2020-06-12 13:29:41', 1489.60, NULL, NULL, 'Entregado'),
(62, 49, '2020-06-12 23:31:39', 199.50, NULL, NULL, 'Entregado'),
(63, 48, '2020-06-19 02:59:45', 541.80, NULL, NULL, 'Entregado'),
(64, 33, '2020-06-24 22:12:13', 1478.93, NULL, NULL, 'Entregado'),
(65, 59, '2020-06-30 08:05:27', 1691.07, NULL, NULL, 'Entregado'),
(66, 58, '2020-07-06 03:05:59', 1759.31, NULL, NULL, 'Entregado'),
(67, 43, '2020-07-27 12:53:54', 2523.61, NULL, NULL, 'Entregado'),
(68, 40, '2020-07-29 11:31:16', 996.04, NULL, NULL, 'Entregado'),
(69, 11, '2020-07-29 12:45:17', 996.81, NULL, NULL, 'Entregado'),
(70, 10, '2020-07-31 14:14:20', 1342.29, NULL, NULL, 'Entregado'),
(71, 35, '2020-08-02 17:44:36', 1619.96, NULL, NULL, 'Entregado'),
(72, 35, '2020-08-05 15:22:55', 2269.96, NULL, NULL, 'Entregado'),
(73, 22, '2020-08-06 09:06:20', 465.53, NULL, NULL, 'Entregado'),
(74, 16, '2020-08-09 14:03:28', 2004.43, NULL, NULL, 'Entregado'),
(75, 47, '2020-08-10 13:56:03', 1641.78, NULL, NULL, 'Entregado'),
(76, 60, '2020-08-13 03:41:06', 2035.75, NULL, NULL, 'Entregado'),
(77, 45, '2020-08-13 04:57:19', 568.09, NULL, NULL, 'Entregado'),
(78, 43, '2020-08-23 18:54:15', 1525.49, NULL, NULL, 'Entregado'),
(79, 39, '2020-08-25 04:47:28', 1145.46, NULL, NULL, 'Entregado'),
(80, 34, '2020-08-27 21:35:14', 1992.95, NULL, NULL, 'Entregado'),
(81, 12, '2020-08-30 13:46:15', 466.43, NULL, NULL, 'Entregado'),
(82, 29, '2020-09-03 14:01:12', 814.50, NULL, NULL, 'Entregado'),
(83, 17, '2020-09-03 14:59:11', 1576.04, NULL, NULL, 'Entregado'),
(84, 23, '2020-09-06 05:02:29', 900.24, NULL, NULL, 'Entregado'),
(85, 52, '2020-09-06 23:51:21', 1696.14, NULL, NULL, 'Entregado'),
(86, 49, '2020-09-08 15:10:50', 2178.29, NULL, NULL, 'Entregado'),
(87, 32, '2020-09-13 03:28:58', 410.45, NULL, NULL, 'Entregado'),
(88, 49, '2020-09-22 18:44:21', 300.41, NULL, NULL, 'Entregado'),
(89, 51, '2020-09-26 14:42:44', 970.14, NULL, NULL, 'Entregado'),
(90, 53, '2020-09-28 12:23:21', 1727.64, NULL, NULL, 'Entregado'),
(91, 12, '2020-10-02 17:15:09', 738.86, NULL, NULL, 'Entregado'),
(92, 50, '2020-10-06 17:21:33', 2509.24, NULL, NULL, 'Entregado'),
(93, 51, '2020-10-10 13:20:06', 547.91, NULL, NULL, 'Entregado'),
(94, 19, '2020-10-11 23:38:12', 1733.01, NULL, NULL, 'Entregado'),
(95, 19, '2020-10-12 13:25:27', 1236.48, NULL, NULL, 'Entregado'),
(96, 47, '2020-10-12 14:30:46', 400.83, NULL, NULL, 'Entregado'),
(97, 46, '2020-10-13 15:45:54', 1070.97, NULL, NULL, 'Entregado'),
(98, 24, '2020-10-16 17:13:52', 1946.91, NULL, NULL, 'Entregado'),
(99, 57, '2020-10-23 10:44:23', 471.40, NULL, NULL, 'Entregado'),
(100, 4, '2020-10-29 02:51:04', 807.50, NULL, NULL, 'Entregado'),
(101, 34, '2020-10-30 20:45:13', 1098.55, NULL, NULL, 'Entregado'),
(102, 20, '2020-11-10 07:44:52', 1375.39, NULL, NULL, 'Entregado'),
(103, 40, '2020-11-10 08:04:20', 2210.59, NULL, NULL, 'Entregado'),
(104, 49, '2020-11-11 23:25:04', 1769.43, NULL, NULL, 'Entregado'),
(105, 59, '2020-11-12 17:55:32', 2412.17, NULL, NULL, 'Entregado'),
(106, 35, '2020-11-13 04:15:41', 2134.88, NULL, NULL, 'Entregado'),
(107, 22, '2020-11-16 02:41:16', 1899.09, NULL, NULL, 'Entregado'),
(108, 16, '2020-11-26 15:23:01', 1393.74, NULL, NULL, 'Entregado'),
(109, 17, '2020-11-26 20:28:49', 1859.25, NULL, NULL, 'Entregado'),
(110, 50, '2020-12-06 09:06:19', 2366.34, NULL, NULL, 'Entregado'),
(111, 39, '2020-12-10 04:54:08', 1943.07, NULL, NULL, 'Entregado'),
(112, 42, '2020-12-10 21:38:29', 859.22, NULL, NULL, 'Entregado'),
(113, 18, '2020-12-15 14:57:07', 430.43, NULL, NULL, 'Entregado'),
(114, 38, '2020-12-19 05:03:37', 1563.11, NULL, NULL, 'Entregado'),
(115, 45, '2020-12-20 21:34:09', 532.86, NULL, NULL, 'Entregado'),
(116, 17, '2020-12-21 01:16:14', 978.70, NULL, NULL, 'Entregado'),
(117, 32, '2021-01-02 12:30:01', 519.24, NULL, NULL, 'Entregado'),
(118, 26, '2021-01-08 21:26:30', 1389.53, NULL, NULL, 'Entregado'),
(119, 49, '2021-01-13 04:39:49', 1148.02, NULL, NULL, 'Entregado'),
(120, 17, '2021-01-15 04:37:40', 1149.94, NULL, NULL, 'Entregado'),
(121, 56, '2021-01-17 22:34:02', 427.74, NULL, NULL, 'Entregado'),
(122, 51, '2021-01-22 18:43:14', 897.00, NULL, NULL, 'Entregado'),
(123, 56, '2021-01-25 02:11:42', 1172.30, NULL, NULL, 'Entregado'),
(124, 49, '2021-01-30 12:14:40', 1085.48, NULL, NULL, 'Entregado'),
(125, 48, '2021-02-01 04:29:58', 1872.49, NULL, NULL, 'Entregado'),
(126, 52, '2021-02-06 18:28:05', 487.10, NULL, NULL, 'Entregado'),
(127, 54, '2021-02-09 21:14:23', 1678.11, NULL, NULL, 'Entregado'),
(128, 29, '2021-02-11 11:58:31', 1513.78, NULL, NULL, 'Entregado'),
(129, 46, '2021-02-15 04:23:27', 1113.00, NULL, NULL, 'Entregado'),
(130, 33, '2021-02-16 06:54:47', 1443.66, NULL, NULL, 'Entregado'),
(131, 4, '2021-02-18 09:33:35', 1325.32, NULL, NULL, 'Entregado'),
(132, 30, '2021-02-20 11:52:58', 1176.93, NULL, NULL, 'Entregado'),
(133, 10, '2021-02-21 08:10:51', 2228.28, NULL, NULL, 'Entregado'),
(134, 39, '2021-02-22 10:42:14', 1074.28, NULL, NULL, 'Entregado'),
(135, 31, '2021-02-26 09:23:48', 1145.66, NULL, NULL, 'Entregado'),
(136, 19, '2021-02-27 15:40:27', 2244.94, NULL, NULL, 'Entregado'),
(137, 55, '2021-02-28 12:05:52', 341.15, NULL, NULL, 'Entregado'),
(138, 19, '2021-03-02 22:12:11', 2762.80, NULL, NULL, 'Entregado'),
(139, 24, '2021-03-05 21:52:45', 826.81, NULL, NULL, 'Entregado'),
(140, 47, '2021-03-07 23:16:27', 463.75, NULL, NULL, 'Entregado'),
(141, 18, '2021-03-17 19:22:28', 1904.13, NULL, NULL, 'Entregado'),
(142, 19, '2021-03-17 22:06:40', 1088.73, NULL, NULL, 'Entregado'),
(143, 11, '2021-03-19 17:57:36', 934.65, NULL, NULL, 'Entregado'),
(144, 37, '2021-03-24 21:47:16', 1478.30, NULL, NULL, 'Entregado'),
(145, 35, '2021-03-28 21:42:54', 2058.19, NULL, NULL, 'Entregado'),
(146, 45, '2021-03-30 09:03:09', 792.17, NULL, NULL, 'Entregado'),
(147, 7, '2021-04-02 22:56:55', 1423.55, NULL, NULL, 'Entregado'),
(148, 44, '2021-04-06 04:01:32', 1365.09, NULL, NULL, 'Entregado'),
(149, 10, '2021-04-07 17:49:58', 388.22, NULL, NULL, 'Entregado'),
(150, 41, '2021-04-10 11:23:35', 1161.97, NULL, NULL, 'Entregado'),
(151, 56, '2021-04-21 14:08:48', 1449.20, NULL, NULL, 'Entregado'),
(152, 53, '2021-04-21 16:32:37', 2058.61, NULL, NULL, 'Entregado'),
(153, 17, '2021-04-26 02:22:38', 1412.00, NULL, NULL, 'Entregado'),
(154, 12, '2021-05-02 01:01:05', 1030.02, NULL, NULL, 'Entregado'),
(155, 35, '2021-05-04 20:11:22', 1779.05, NULL, NULL, 'Entregado'),
(156, 37, '2021-05-14 05:57:09', 1335.53, NULL, NULL, 'Entregado'),
(157, 58, '2021-05-14 21:16:44', 1877.96, NULL, NULL, 'Entregado'),
(158, 17, '2021-05-15 10:56:28', 957.17, NULL, NULL, 'Entregado'),
(159, 9, '2021-05-21 07:21:49', 1573.66, NULL, NULL, 'Entregado'),
(160, 30, '2021-05-23 06:08:49', 1379.03, NULL, NULL, 'Entregado'),
(161, 10, '2021-06-02 13:34:11', 399.94, NULL, NULL, 'Entregado'),
(162, 49, '2021-06-03 02:10:35', 52.50, NULL, NULL, 'Entregado'),
(163, 17, '2021-06-06 17:17:15', 2347.30, NULL, NULL, 'Entregado'),
(164, 39, '2021-06-10 21:14:23', 616.75, NULL, NULL, 'Entregado'),
(165, 25, '2021-06-11 18:24:46', 1757.33, NULL, NULL, 'Entregado'),
(166, 51, '2021-06-17 21:11:10', 1462.62, NULL, NULL, 'Entregado'),
(167, 39, '2021-06-18 17:12:48', 1298.75, NULL, NULL, 'Entregado'),
(168, 59, '2021-06-21 02:50:05', 1502.11, NULL, NULL, 'Entregado'),
(169, 50, '2021-06-22 23:35:53', 252.00, NULL, NULL, 'Entregado'),
(170, 28, '2021-06-23 11:51:53', 931.52, NULL, NULL, 'Entregado'),
(171, 31, '2021-06-27 23:29:28', 2560.47, NULL, NULL, 'Entregado'),
(172, 59, '2021-06-28 22:17:34', 647.03, NULL, NULL, 'Entregado'),
(173, 56, '2021-07-04 14:25:21', 1935.33, NULL, NULL, 'Entregado'),
(174, 23, '2021-07-10 08:05:23', 2672.70, NULL, NULL, 'Entregado'),
(175, 18, '2021-07-21 18:15:54', 1271.40, NULL, NULL, 'Entregado'),
(176, 27, '2021-07-22 17:53:17', 2059.49, NULL, NULL, 'Entregado'),
(177, 12, '2021-07-25 12:54:59', 359.10, NULL, NULL, 'Entregado'),
(178, 23, '2021-07-28 05:20:04', 1237.11, NULL, NULL, 'Entregado'),
(179, 30, '2021-07-31 04:01:38', 324.00, NULL, NULL, 'Entregado'),
(180, 42, '2021-08-03 08:46:57', 634.34, NULL, NULL, 'Entregado'),
(181, 51, '2021-08-03 11:29:07', 1241.07, NULL, NULL, 'Entregado'),
(182, 53, '2021-08-09 11:32:14', 1200.70, NULL, NULL, 'Entregado'),
(183, 58, '2021-08-18 07:27:28', 1772.02, NULL, NULL, 'Entregado'),
(184, 45, '2021-08-20 05:04:41', 1923.40, NULL, NULL, 'Entregado'),
(185, 38, '2021-08-21 11:28:54', 238.00, NULL, NULL, 'Entregado'),
(186, 56, '2021-08-31 13:38:34', 705.50, NULL, NULL, 'Entregado'),
(187, 53, '2021-09-01 07:20:49', 437.25, NULL, NULL, 'Entregado'),
(188, 60, '2021-09-01 12:29:56', 913.73, NULL, NULL, 'Entregado'),
(189, 23, '2021-09-02 21:24:21', 875.18, NULL, NULL, 'Entregado'),
(190, 61, '2021-09-03 09:46:49', 747.08, NULL, NULL, 'Entregado'),
(191, 12, '2021-09-04 07:23:02', 2137.34, NULL, NULL, 'Entregado'),
(192, 12, '2021-09-05 17:29:17', 568.81, NULL, NULL, 'Entregado'),
(193, 46, '2021-09-07 12:30:56', 1040.94, NULL, NULL, 'Entregado'),
(194, 22, '2021-09-11 15:01:10', 1337.05, NULL, NULL, 'Entregado'),
(195, 57, '2021-09-12 19:50:51', 2058.97, NULL, NULL, 'Entregado'),
(196, 39, '2021-09-14 10:02:50', 1058.20, NULL, NULL, 'Entregado'),
(197, 31, '2021-09-15 06:02:27', 361.84, NULL, NULL, 'Entregado'),
(198, 48, '2021-09-15 18:38:54', 558.43, NULL, NULL, 'Entregado'),
(199, 30, '2021-09-18 16:17:20', 1625.02, NULL, NULL, 'Entregado'),
(200, 44, '2021-09-20 13:34:10', 611.70, NULL, NULL, 'Entregado'),
(201, 25, '2021-09-24 17:22:40', 1261.25, NULL, NULL, 'Entregado'),
(202, 55, '2021-09-25 20:01:31', 1981.67, NULL, NULL, 'Entregado'),
(203, 28, '2021-09-26 09:39:09', 1674.13, NULL, NULL, 'Entregado'),
(204, 52, '2021-09-29 21:19:51', 2916.71, NULL, NULL, 'Entregado'),
(205, 25, '2021-10-06 09:37:58', 1902.34, NULL, NULL, 'Entregado'),
(206, 30, '2021-10-07 01:46:48', 1070.90, NULL, NULL, 'Entregado'),
(207, 30, '2021-10-07 04:28:53', 705.85, NULL, NULL, 'Entregado'),
(208, 39, '2021-10-07 05:44:06', 1102.55, NULL, NULL, 'Entregado'),
(209, 20, '2021-10-07 19:42:10', 1986.96, NULL, NULL, 'Entregado'),
(210, 46, '2021-10-10 03:13:45', 1036.50, NULL, NULL, 'Entregado'),
(211, 9, '2021-10-10 08:16:20', 144.03, NULL, NULL, 'Entregado'),
(212, 60, '2021-10-10 18:27:57', 1290.16, NULL, NULL, 'Entregado'),
(213, 21, '2021-10-13 01:50:05', 568.30, NULL, NULL, 'Entregado'),
(214, 17, '2021-10-13 07:59:11', 2497.18, NULL, NULL, 'Entregado'),
(215, 18, '2021-10-19 09:27:09', 117.00, NULL, NULL, 'Entregado'),
(216, 35, '2021-10-24 04:19:08', 1641.16, NULL, NULL, 'Entregado'),
(217, 57, '2021-10-24 12:08:08', 996.28, NULL, NULL, 'Entregado'),
(218, 56, '2021-10-24 23:21:52', 1694.17, NULL, NULL, 'Entregado'),
(219, 37, '2021-10-25 11:46:32', 1461.85, NULL, NULL, 'Entregado'),
(220, 36, '2021-10-31 04:17:56', 2357.50, NULL, NULL, 'Entregado'),
(221, 7, '2021-11-08 05:21:12', 1194.13, NULL, NULL, 'Entregado'),
(222, 50, '2021-11-09 15:33:52', 958.69, NULL, NULL, 'Entregado'),
(223, 44, '2021-11-11 11:47:32', 1751.95, NULL, NULL, 'Entregado'),
(224, 4, '2021-11-13 08:07:32', 1263.45, NULL, NULL, 'Entregado'),
(225, 48, '2021-11-14 05:16:47', 1870.61, NULL, NULL, 'Entregado'),
(226, 7, '2021-11-20 01:29:21', 341.15, NULL, NULL, 'Entregado'),
(227, 44, '2021-11-20 03:47:40', 1023.53, NULL, NULL, 'Entregado'),
(228, 20, '2021-11-26 11:40:53', 1420.81, NULL, NULL, 'Entregado'),
(229, 31, '2021-11-26 20:30:57', 796.98, NULL, NULL, 'Entregado'),
(230, 39, '2021-11-29 07:38:24', 1215.94, NULL, NULL, 'Entregado'),
(231, 10, '2021-12-10 20:31:59', 392.49, NULL, NULL, 'Entregado'),
(232, 10, '2021-12-11 23:05:28', 510.00, NULL, NULL, 'Entregado'),
(233, 36, '2021-12-13 14:01:22', 1207.00, NULL, NULL, 'Entregado'),
(234, 54, '2021-12-19 07:30:40', 962.72, NULL, NULL, 'Entregado'),
(235, 38, '2021-12-28 23:50:20', 734.17, NULL, NULL, 'Entregado'),
(236, 39, '2021-12-29 09:55:29', 1289.23, NULL, NULL, 'Entregado'),
(237, 36, '2022-01-02 13:39:42', 859.83, NULL, NULL, 'Entregado'),
(238, 61, '2022-01-02 23:52:26', 1293.93, NULL, NULL, 'Entregado'),
(239, 35, '2022-01-15 07:18:39', 510.00, NULL, NULL, 'Entregado'),
(240, 17, '2022-01-20 12:26:35', 2529.52, NULL, NULL, 'Entregado'),
(241, 11, '2022-01-27 09:34:47', 2115.56, NULL, NULL, 'Entregado'),
(242, 34, '2022-01-28 10:49:52', 141.75, NULL, NULL, 'Entregado'),
(243, 38, '2022-01-28 10:49:54', 1248.37, NULL, NULL, 'Entregado'),
(244, 4, '2022-02-04 08:26:07', 1892.78, NULL, NULL, 'Entregado'),
(245, 61, '2022-02-07 12:09:17', 183.50, NULL, NULL, 'Entregado'),
(246, 17, '2022-02-13 01:45:42', 1756.32, NULL, NULL, 'Entregado'),
(247, 53, '2022-02-17 21:59:19', 1011.17, NULL, NULL, 'Entregado'),
(248, 42, '2022-02-28 12:57:19', 151.62, NULL, NULL, 'Entregado'),
(249, 26, '2022-03-04 19:37:35', 2697.94, NULL, NULL, 'Entregado'),
(250, 45, '2022-03-06 14:25:17', 1592.02, NULL, NULL, 'Entregado'),
(251, 35, '2022-03-09 04:18:59', 1072.04, NULL, NULL, 'Entregado'),
(252, 9, '2022-03-11 22:08:49', 220.72, NULL, NULL, 'Entregado'),
(253, 3, '2022-03-12 17:03:02', 647.39, NULL, NULL, 'Entregado'),
(254, 56, '2022-03-14 14:19:48', 1709.38, NULL, NULL, 'Entregado'),
(255, 44, '2022-03-16 05:17:54', 1052.43, NULL, NULL, 'Entregado'),
(256, 50, '2022-03-26 20:32:09', 1344.09, NULL, NULL, 'Entregado'),
(257, 46, '2022-03-31 04:57:23', 983.84, NULL, NULL, 'Entregado'),
(258, 57, '2022-04-06 04:01:35', 412.50, NULL, NULL, 'Entregado'),
(259, 29, '2022-04-07 05:10:15', 690.61, NULL, NULL, 'Entregado'),
(260, 44, '2022-04-09 04:53:01', 127.50, NULL, NULL, 'Entregado'),
(261, 58, '2022-04-13 17:43:28', 631.98, NULL, NULL, 'Entregado'),
(262, 58, '2022-04-17 01:11:52', 2098.64, NULL, NULL, 'Entregado'),
(263, 52, '2022-04-19 11:29:57', 1854.99, NULL, NULL, 'Entregado'),
(264, 45, '2022-04-23 22:51:24', 59.70, NULL, NULL, 'Entregado'),
(265, 7, '2022-04-24 04:56:12', 607.82, NULL, NULL, 'Entregado'),
(266, 50, '2022-04-27 03:32:24', 2039.17, NULL, NULL, 'Entregado'),
(267, 12, '2022-04-27 10:10:30', 112.00, NULL, NULL, 'Entregado'),
(268, 42, '2022-05-01 14:03:23', 564.00, NULL, NULL, 'Entregado'),
(269, 38, '2022-05-14 05:49:33', 192.81, NULL, NULL, 'Entregado'),
(270, 26, '2022-05-14 17:32:31', 1535.85, NULL, NULL, 'Entregado'),
(271, 30, '2022-05-18 09:40:15', 569.14, NULL, NULL, 'Entregado'),
(272, 40, '2022-05-19 14:44:59', 1906.92, NULL, NULL, 'Entregado'),
(273, 4, '2022-05-23 17:29:14', 1383.15, NULL, NULL, 'Entregado'),
(274, 35, '2022-05-23 23:41:31', 1819.37, NULL, NULL, 'Entregado'),
(275, 25, '2022-05-24 10:48:49', 2388.88, NULL, NULL, 'Entregado'),
(276, 34, '2022-05-25 12:23:22', 734.52, NULL, NULL, 'Entregado'),
(277, 26, '2022-06-09 22:26:18', 888.25, NULL, NULL, 'Entregado'),
(278, 32, '2022-06-12 18:27:59', 1562.65, NULL, NULL, 'Entregado'),
(279, 56, '2022-06-15 20:53:55', 179.10, NULL, NULL, 'Entregado'),
(280, 11, '2022-06-19 23:24:07', 359.10, NULL, NULL, 'Entregado'),
(281, 35, '2022-06-20 05:35:19', 2187.50, NULL, NULL, 'Entregado'),
(282, 23, '2022-06-20 07:57:56', 1380.72, NULL, NULL, 'Entregado'),
(283, 47, '2022-06-23 12:08:05', 1943.57, NULL, NULL, 'Entregado'),
(284, 18, '2022-06-23 14:31:47', 1053.35, NULL, NULL, 'Entregado'),
(285, 21, '2022-06-28 07:55:48', 1053.60, NULL, NULL, 'Entregado'),
(286, 36, '2022-06-30 11:44:20', 2161.41, NULL, NULL, 'Entregado'),
(287, 53, '2022-06-30 21:53:48', 1997.56, NULL, NULL, 'Entregado'),
(288, 39, '2022-07-01 21:57:07', 52.50, NULL, NULL, 'Entregado'),
(289, 16, '2022-07-02 21:52:44', 2436.13, NULL, NULL, 'Entregado'),
(290, 26, '2022-07-03 16:53:23', 271.32, NULL, NULL, 'Entregado'),
(291, 37, '2022-07-06 06:42:45', 829.00, NULL, NULL, 'Entregado'),
(292, 48, '2022-07-09 14:26:21', 1654.87, NULL, NULL, 'Entregado'),
(293, 32, '2022-07-11 09:15:10', 261.60, NULL, NULL, 'Entregado'),
(294, 53, '2022-07-18 05:18:56', 1067.46, NULL, NULL, 'Entregado'),
(295, 58, '2022-07-22 07:49:13', 144.00, NULL, NULL, 'Entregado'),
(296, 58, '2022-07-24 05:20:06', 884.45, NULL, NULL, 'Entregado'),
(297, 43, '2022-07-30 01:20:38', 1082.33, NULL, NULL, 'Entregado'),
(298, 4, '2022-07-30 15:27:22', 1846.56, NULL, NULL, 'Entregado'),
(299, 55, '2022-08-04 10:15:04', 1469.70, NULL, NULL, 'Entregado'),
(300, 33, '2022-08-07 09:59:54', 459.00, NULL, NULL, 'Entregado'),
(301, 54, '2022-08-10 18:06:08', 1583.15, NULL, NULL, 'Entregado'),
(302, 9, '2022-08-20 16:33:40', 1119.09, NULL, NULL, 'Entregado'),
(303, 45, '2022-08-29 21:33:01', 2183.16, NULL, NULL, 'Entregado'),
(304, 38, '2022-09-03 08:37:09', 354.50, NULL, NULL, 'Entregado'),
(305, 18, '2022-09-12 11:08:20', 1552.29, NULL, NULL, 'Entregado'),
(306, 55, '2022-09-13 18:43:18', 2001.84, NULL, NULL, 'Entregado'),
(307, 48, '2022-09-20 12:27:39', 1107.38, NULL, NULL, 'Entregado'),
(308, 47, '2022-09-23 08:29:25', 1490.69, NULL, NULL, 'Entregado'),
(309, 34, '2022-09-26 14:47:09', 1146.87, NULL, NULL, 'Entregado'),
(310, 11, '2022-09-30 23:41:27', 616.68, NULL, NULL, 'Entregado'),
(311, 33, '2022-10-02 07:10:57', 1840.60, NULL, NULL, 'Entregado'),
(312, 53, '2022-10-16 12:05:56', 939.34, NULL, NULL, 'Entregado'),
(313, 56, '2022-10-16 19:44:13', 1480.30, NULL, NULL, 'Entregado'),
(314, 54, '2022-10-16 20:56:06', 1423.00, NULL, NULL, 'Entregado'),
(315, 60, '2022-10-17 11:58:27', 2250.01, NULL, NULL, 'Entregado'),
(316, 17, '2022-10-23 04:24:31', 1892.58, NULL, NULL, 'Entregado'),
(317, 53, '2022-10-24 06:42:51', 1464.41, NULL, NULL, 'Entregado'),
(318, 32, '2022-11-03 16:53:23', 272.75, NULL, NULL, 'Entregado'),
(319, 38, '2022-11-05 19:27:52', 2218.79, NULL, NULL, 'Entregado'),
(320, 12, '2022-11-13 06:42:43', 1370.47, NULL, NULL, 'Entregado'),
(321, 32, '2022-11-26 19:13:44', 1810.43, NULL, NULL, 'Entregado'),
(322, 34, '2022-11-27 20:27:46', 1940.09, NULL, NULL, 'Entregado'),
(323, 22, '2022-11-29 08:57:45', 1949.84, NULL, NULL, 'Entregado'),
(324, 49, '2022-11-30 06:31:49', 2686.48, NULL, NULL, 'Entregado'),
(325, 46, '2022-12-07 19:10:25', 1449.33, NULL, NULL, 'Entregado'),
(326, 49, '2022-12-13 14:10:59', 1526.78, NULL, NULL, 'Entregado'),
(327, 50, '2022-12-14 08:52:18', 19.90, NULL, NULL, 'Entregado'),
(328, 23, '2022-12-19 23:03:16', 513.22, NULL, NULL, 'Entregado'),
(329, 33, '2022-12-23 10:11:37', 1942.34, NULL, NULL, 'Entregado'),
(330, 46, '2023-01-02 12:30:59', 1005.07, NULL, NULL, 'Entregado'),
(331, 39, '2023-01-03 09:46:47', 423.94, NULL, NULL, 'Entregado'),
(332, 53, '2023-01-03 20:10:18', 520.02, NULL, NULL, 'Entregado'),
(333, 7, '2023-01-07 11:18:06', 457.82, NULL, NULL, 'Entregado'),
(334, 32, '2023-01-12 23:46:58', 1467.67, NULL, NULL, 'Entregado'),
(335, 22, '2023-01-13 23:42:39', 751.10, NULL, NULL, 'Entregado'),
(336, 16, '2023-01-14 08:32:39', 1454.47, NULL, NULL, 'Entregado'),
(337, 33, '2023-01-14 22:34:01', 2095.77, NULL, NULL, 'Entregado'),
(338, 59, '2023-01-19 21:16:40', 2076.45, NULL, NULL, 'Entregado'),
(339, 32, '2023-01-20 10:53:12', 280.40, NULL, NULL, 'Entregado'),
(340, 37, '2023-01-28 14:43:51', 174.80, NULL, NULL, 'Entregado'),
(341, 21, '2023-01-30 05:44:06', 2423.90, NULL, NULL, 'Entregado'),
(342, 18, '2023-01-30 08:25:04', 352.00, NULL, NULL, 'Entregado'),
(343, 49, '2023-02-03 12:17:50', 2200.13, NULL, NULL, 'Entregado'),
(344, 37, '2023-02-04 03:17:01', 1245.37, NULL, NULL, 'Entregado'),
(345, 22, '2023-02-05 16:08:34', 1872.62, NULL, NULL, 'Entregado'),
(346, 27, '2023-02-10 21:05:42', 1246.20, NULL, NULL, 'Entregado'),
(347, 61, '2023-02-12 14:40:29', 178.50, NULL, NULL, 'Entregado'),
(348, 31, '2023-02-14 10:40:08', 1050.72, NULL, NULL, 'Entregado'),
(349, 11, '2023-02-14 17:07:29', 1325.23, NULL, NULL, 'Entregado'),
(350, 7, '2023-02-17 02:50:01', 307.73, NULL, NULL, 'Entregado'),
(351, 18, '2023-02-18 02:57:31', 928.25, NULL, NULL, 'Entregado'),
(352, 46, '2023-02-18 03:01:47', 704.87, NULL, NULL, 'Entregado'),
(353, 45, '2023-02-24 02:47:48', 1996.76, NULL, NULL, 'Entregado'),
(354, 52, '2023-02-24 11:49:42', 292.30, NULL, NULL, 'Entregado'),
(355, 4, '2023-02-25 03:56:28', 1133.15, NULL, NULL, 'Entregado'),
(356, 21, '2023-02-27 14:28:31', 835.26, NULL, NULL, 'Entregado'),
(357, 56, '2023-03-04 10:27:01', 2211.55, NULL, NULL, 'Entregado'),
(358, 32, '2023-03-20 09:11:46', 2100.26, NULL, NULL, 'Entregado'),
(359, 53, '2023-03-29 05:06:54', 1943.51, NULL, NULL, 'Entregado'),
(360, 39, '2023-03-31 21:33:09', 2179.22, NULL, NULL, 'Entregado'),
(361, 37, '2023-04-02 11:27:53', 628.14, NULL, NULL, 'Entregado'),
(362, 40, '2023-04-03 10:08:25', 641.06, NULL, NULL, 'Entregado'),
(363, 37, '2023-04-04 04:56:13', 1583.82, NULL, NULL, 'Entregado'),
(364, 11, '2023-04-07 06:19:51', 457.53, NULL, NULL, 'Entregado'),
(365, 44, '2023-04-10 05:02:36', 315.85, NULL, NULL, 'Entregado'),
(366, 7, '2023-04-14 02:24:47', 1146.00, NULL, NULL, 'Entregado'),
(367, 3, '2023-04-14 19:09:17', 1357.05, NULL, NULL, 'Entregado'),
(368, 30, '2023-04-17 20:13:35', 2303.94, NULL, NULL, 'Entregado'),
(369, 18, '2023-04-24 15:03:22', 2179.11, NULL, NULL, 'Entregado'),
(370, 23, '2023-04-26 07:21:55', 651.57, NULL, NULL, 'Entregado'),
(371, 60, '2023-04-26 17:29:17', 2137.77, NULL, NULL, 'Entregado'),
(372, 23, '2023-04-29 14:53:39', 1251.90, NULL, NULL, 'Entregado'),
(373, 23, '2023-04-30 12:20:10', 1088.45, NULL, NULL, 'Entregado'),
(374, 26, '2023-05-03 20:14:31', 2216.84, NULL, NULL, 'Entregado'),
(375, 12, '2023-05-04 08:34:50', 1085.77, NULL, NULL, 'Entregado'),
(376, 11, '2023-05-04 21:18:48', 455.01, NULL, NULL, 'Entregado'),
(377, 30, '2023-05-08 02:06:17', 2151.62, NULL, NULL, 'Entregado'),
(378, 19, '2023-05-17 23:35:04', 1346.31, NULL, NULL, 'Entregado'),
(379, 36, '2023-05-22 11:03:49', 1195.89, NULL, NULL, 'Entregado'),
(380, 35, '2023-05-26 10:42:17', 594.00, NULL, NULL, 'Entregado'),
(381, 27, '2023-05-27 09:33:37', 2194.51, NULL, NULL, 'Entregado'),
(382, 46, '2023-05-27 20:53:54', 113.72, NULL, NULL, 'Entregado'),
(383, 12, '2023-05-28 04:26:41', 1958.73, NULL, NULL, 'Entregado'),
(384, 45, '2023-05-28 12:12:27', 889.25, NULL, NULL, 'Entregado'),
(385, 44, '2023-06-07 12:04:47', 844.59, NULL, NULL, 'Entregado'),
(386, 7, '2023-06-13 17:06:21', 338.80, NULL, NULL, 'Entregado'),
(387, 9, '2023-06-16 02:42:23', 1992.14, NULL, NULL, 'Entregado'),
(388, 25, '2023-06-16 11:49:42', 2441.45, NULL, NULL, 'Entregado'),
(389, 59, '2023-06-19 10:26:58', 1133.18, NULL, NULL, 'Entregado'),
(390, 24, '2023-06-22 15:39:19', 1988.71, NULL, NULL, 'Entregado'),
(391, 45, '2023-07-01 08:59:58', 2250.45, NULL, NULL, 'Entregado'),
(392, 20, '2023-07-03 12:52:48', 319.20, NULL, NULL, 'Entregado'),
(393, 60, '2023-07-07 20:28:48', 1338.79, NULL, NULL, 'Entregado'),
(394, 24, '2023-07-11 17:47:48', 140.00, NULL, NULL, 'Entregado'),
(395, 4, '2023-07-29 10:04:09', 1400.44, NULL, NULL, 'Entregado'),
(396, 9, '2023-07-30 02:28:08', 112.00, NULL, NULL, 'Entregado'),
(397, 37, '2023-07-30 19:09:19', 1876.05, NULL, NULL, 'Entregado'),
(398, 21, '2023-08-19 04:39:47', 216.00, NULL, NULL, 'Entregado'),
(399, 32, '2023-08-24 20:03:41', 1283.20, NULL, NULL, 'Entregado'),
(400, 18, '2023-08-24 21:13:25', 1990.60, NULL, NULL, 'Entregado'),
(401, 29, '2023-08-31 22:24:14', 119.00, NULL, NULL, 'Entregado'),
(402, 21, '2023-09-01 06:03:28', 445.34, NULL, NULL, 'Entregado'),
(403, 24, '2023-09-02 13:32:01', 837.00, NULL, NULL, 'Entregado'),
(404, 7, '2023-09-06 19:48:33', 1536.01, NULL, NULL, 'Entregado'),
(405, 3, '2023-09-14 12:07:04', 1198.07, NULL, NULL, 'Entregado'),
(406, 36, '2023-09-14 13:28:40', 902.75, NULL, NULL, 'Entregado'),
(407, 23, '2023-09-15 21:07:50', 438.90, NULL, NULL, 'Entregado'),
(408, 22, '2023-09-16 18:27:59', 2108.37, NULL, NULL, 'Entregado'),
(409, 45, '2023-09-21 09:23:50', 665.00, NULL, NULL, 'Entregado'),
(410, 7, '2023-09-22 07:05:28', 390.00, NULL, NULL, 'Entregado'),
(411, 39, '2023-09-23 05:29:51', 89.25, NULL, NULL, 'Entregado'),
(412, 27, '2023-09-25 04:16:53', 2139.97, NULL, NULL, 'Entregado'),
(413, 28, '2023-09-30 14:21:02', 2048.42, NULL, NULL, 'Entregado'),
(414, 19, '2023-10-09 10:36:41', 1915.95, NULL, NULL, 'Entregado'),
(415, 50, '2023-10-13 04:04:52', 2426.17, NULL, NULL, 'Entregado'),
(416, 35, '2023-10-17 19:20:16', 408.00, NULL, NULL, 'Entregado'),
(417, 9, '2023-10-19 02:43:24', 1071.85, NULL, NULL, 'Entregado'),
(418, 61, '2023-10-22 11:40:53', 818.82, NULL, NULL, 'Entregado'),
(419, 7, '2023-10-22 12:49:34', 1056.70, NULL, NULL, 'Entregado'),
(420, 40, '2023-10-24 08:53:31', 2333.97, NULL, NULL, 'Entregado'),
(421, 51, '2023-10-25 06:24:21', 1928.40, NULL, NULL, 'Entregado'),
(422, 12, '2023-10-30 04:55:12', 262.50, NULL, NULL, 'Entregado'),
(423, 59, '2023-10-31 23:06:31', 1614.08, NULL, NULL, 'Entregado'),
(424, 42, '2023-11-06 08:53:23', 1193.34, NULL, NULL, 'Entregado'),
(425, 44, '2023-11-09 16:25:08', 1736.81, NULL, NULL, 'Entregado'),
(426, 52, '2023-11-10 02:25:54', 112.00, NULL, NULL, 'Entregado'),
(427, 41, '2023-11-13 18:55:18', 2078.51, NULL, NULL, 'Entregado'),
(428, 47, '2023-11-16 06:19:50', 512.12, NULL, NULL, 'Entregado'),
(429, 19, '2023-11-17 20:21:12', 1915.10, NULL, NULL, 'Entregado'),
(430, 36, '2023-11-21 02:26:53', 1882.88, NULL, NULL, 'Entregado'),
(431, 37, '2023-11-21 11:22:28', 1789.25, NULL, NULL, 'Entregado'),
(432, 56, '2023-11-22 20:17:51', 2292.89, NULL, NULL, 'Entregado'),
(433, 4, '2023-11-25 12:09:11', 19.90, NULL, NULL, 'Entregado'),
(434, 63, '2023-11-25 13:39:09', 59.70, NULL, NULL, 'Entregado'),
(435, 64, '2024-10-27 19:56:25', 30.30, NULL, NULL, 'Entregado'),
(436, 64, '2024-10-28 00:01:43', 124.10, NULL, NULL, 'Entregado'),
(437, 3, '2024-10-28 12:07:38', 37.50, NULL, NULL, 'Entregado'),
(438, 64, '2024-10-28 12:54:26', 48.50, NULL, NULL, 'Entregado'),
(439, 64, '2024-10-28 18:51:11', 78.50, NULL, NULL, 'Entregado'),
(440, 64, '2024-10-28 19:36:02', 52.60, NULL, NULL, 'Entregado'),
(441, 64, '2024-10-30 12:44:01', 100.00, NULL, NULL, 'Entregado'),
(442, 64, '2024-10-30 14:28:38', 28.50, NULL, NULL, 'Entregado');

--
-- Restricciones para tablas volcadas
--

--
-- Filtros para la tabla `cliente`
--
ALTER TABLE `cliente`
  ADD CONSTRAINT `cliente_ibfk_1` FOREIGN KEY (`id_usuario`) REFERENCES `usuario` (`id_usuario`);

--
-- Filtros para la tabla `usuario`
--
ALTER TABLE `usuario`
  ADD CONSTRAINT `usuario_ibfk_1` FOREIGN KEY (`id_perfil`) REFERENCES `perfil` (`id_perfil`);
COMMIT;

/*!40101 SET CHARACTER_SET_CLIENT=@OLD_CHARACTER_SET_CLIENT */;
/*!40101 SET CHARACTER_SET_RESULTS=@OLD_CHARACTER_SET_RESULTS */;
/*!40101 SET COLLATION_CONNECTION=@OLD_COLLATION_CONNECTION */;
